temperature_c,humidity_pct,rainfall_mm,leaf_wetness_hours,soil_drainage,harvest_month,tree_age_years,prior_infection,disease_risk
25.5,63.1,351.2,2.3,medium,10,1.2,0,0
37.0,62.3,248.1,12.3,poor,5,14.7,0,3
32.6,95.3,187.0,13.5,good,5,4.4,1,3
30.0,62.5,63.8,11.9,medium,11,25.6,0,0
21.1,63.6,316.9,17.6,good,7,28.8,0,3
21.1,88.0,65.2,9.2,good,4,28.8,0,0
19.2,72.5,94.7,22.7,good,4,13.8,0,3
35.3,88.8,268.4,11.6,medium,9,19.7,0,0
30.0,53.3,295.5,13.7,good,6,18.4,0,3
32.2,74.4,125.5,19.8,good,4,11.2,0,3
18.4,51.7,94.7,6.6,poor,2,13.9,0,0
37.4,53.1,267.3,1.8,poor,6,2.9,0,0
34.6,95.3,128.2,17.0,medium,2,24.1,1,3
22.2,57.0,277.5,11.6,medium,5,8.0,1,0
21.6,76.6,220.4,21.5,poor,6,14.4,0,3
21.7,70.6,97.2,23.6,medium,4,14.9,0,3
24.1,67.4,91.2,9.6,good,3,17.3,0,0
28.5,95.0,244.6,10.0,poor,7,24.7,0,1
26.6,51.1,67.1,9.8,medium,2,21.1,0,0
23.8,83.2,72.5,7.8,medium,11,20.2,0,0
30.2,98.2,233.4,18.8,medium,6,16.3,0,2
20.8,78.0,73.4,18.2,medium,4,3.8,0,3
23.8,96.8,217.9,11.5,poor,6,12.7,0,1
25.3,52.6,89.7,1.1,good,4,28.8,0,0
27.1,70.9,87.8,7.4,poor,4,29.9,0,0
33.7,63.0,88.6,7.0,poor,4,22.2,0,0
22.0,86.5,256.9,19.5,medium,9,7.6,0,3
28.3,99.1,251.1,2.1,medium,7,4.0,0,2
29.8,62.8,116.1,19.3,good,3,13.0,0,3
18.9,82.7,81.7,16.1,good,3,25.8,0,3
30.2,59.9,323.2,17.6,good,6,21.9,0,3
21.4,78.3,210.2,10.4,medium,6,26.6,0,0
19.3,73.2,94.7,16.3,medium,4,18.9,0,3
37.0,98.6,223.3,14.6,good,9,4.8,0,3
37.3,80.4,66.1,18.5,good,4,4.3,1,3
34.2,67.5,239.4,10.7,poor,9,2.4,0,0
24.1,55.7,68.1,11.3,good,4,17.4,0,0
20.0,57.6,68.3,15.4,poor,2,8.0,1,3
31.7,61.3,110.4,2.6,good,2,22.3,0,0
26.8,62.5,262.3,10.5,medium,5,20.9,0,2
20.4,92.5,85.6,23.3,good,4,10.2,0,3
27.9,78.1,237.1,0.9,medium,7,6.1,0,2
18.7,76.2,101.4,7.6,medium,11,4.0,0,0
36.2,55.7,277.8,7.5,good,5,22.4,0,0
23.2,93.0,244.6,15.2,medium,6,14.1,1,3
31.3,86.1,180.8,2.5,medium,10,10.4,0,2
24.2,53.4,85.4,15.1,medium,4,25.8,0,3
28.4,85.4,94.4,2.3,medium,12,18.2,0,2
28.9,77.2,55.5,2.3,good,2,16.0,0,2
21.7,54.1,245.2,17.5,medium,10,22.6,0,3
37.4,72.9,286.9,7.8,poor,9,24.7,0,0
33.5,74.2,181.5,23.5,poor,10,20.9,0,3
36.8,58.3,227.6,0.9,poor,7,13.8,0,0
35.9,97.3,89.4,10.7,good,4,12.0,1,0
30.0,92.5,107.6,2.7,medium,3,23.4,0,2
36.4,83.5,369.3,8.4,medium,10,16.0,0,0
19.8,73.1,129.0,24.0,good,3,21.4,0,3
21.9,70.6,267.2,21.3,poor,9,26.8,1,3
18.9,82.5,235.8,1.2,medium,5,27.6,1,0
24.5,77.3,103.1,13.5,good,3,9.1,0,3
25.8,53.1,232.8,15.5,good,5,6.4,1,3
23.4,75.6,60.9,5.0,poor,2,8.6,0,0
34.6,90.3,72.4,3.5,good,11,22.8,0,0
25.1,73.0,69.2,21.7,good,4,11.7,0,3
23.6,52.6,280.6,23.3,medium,10,6.0,0,3
28.9,89.3,64.9,23.8,good,2,3.9,1,2
20.8,60.1,82.1,19.0,poor,2,10.5,0,3
34.0,62.9,119.9,15.9,medium,12,4.9,0,3
19.5,58.2,266.1,8.3,medium,8,5.5,1,0
37.7,66.5,117.9,4.1,poor,1,20.8,0,0
33.4,87.8,320.1,1.9,medium,7,1.6,0,0
22.0,76.0,289.6,16.6,good,5,4.4,0,3
18.1,60.2,71.1,18.8,medium,11,25.5,0,3
34.3,93.9,312.0,19.8,medium,8,25.5,0,3
32.1,94.0,73.8,21.9,good,1,10.5,1,3
32.6,93.5,79.9,21.1,medium,11,3.6,0,3
33.4,61.9,276.5,24.0,poor,7,21.4,0,3
19.5,72.6,259.7,5.9,medium,5,11.4,0,0
25.2,99.2,62.0,18.3,poor,4,2.3,0,2
20.3,88.6,183.6,14.1,medium,7,5.6,0,3
35.3,51.4,308.0,6.3,medium,10,5.0,1,0
30.5,53.3,94.3,23.6,poor,2,18.1,1,3
24.6,73.2,37.0,21.5,good,12,27.0,0,3
19.3,95.5,61.3,3.1,good,1,24.0,0,0
24.2,76.9,84.5,0.6,medium,1,16.8,0,2
24.5,74.9,91.1,16.5,medium,11,13.2,0,3
32.6,55.3,42.0,14.5,good,12,18.9,0,3
30.8,82.8,77.8,22.5,good,1,13.9,0,2
35.7,91.1,93.5,5.6,good,12,8.1,0,0
27.4,69.0,242.4,2.0,medium,5,20.7,1,2
20.4,88.8,272.8,6.2,poor,10,26.3,0,1
32.3,98.2,235.6,0.5,poor,7,11.8,0,1
33.2,60.2,102.7,0.9,medium,2,25.4,1,0
29.2,76.2,220.0,22.0,poor,10,13.5,0,3
33.4,64.4,202.9,8.4,medium,8,12.6,0,0
27.9,89.6,80.7,9.9,good,4,1.8,0,2
28.5,78.9,44.2,0.4,good,12,21.2,0,2
26.6,81.7,27.4,6.5,medium,3,24.4,1,2
18.5,89.9,314.2,19.3,good,10,20.2,0,3
20.2,69.8,55.4,14.8,medium,11,5.4,0,3
18.6,95.8,193.3,18.1,medium,8,4.0,0,3
30.7,76.7,59.7,10.7,medium,2,17.6,1,2
24.3,57.9,58.6,7.4,poor,11,12.6,0,0
28.2,84.8,76.4,11.6,medium,11,13.4,0,2
36.2,89.7,52.7,7.8,good,3,29.1,0,0
23.0,65.8,92.5,20.1,medium,12,22.0,1,3
26.2,92.9,96.2,7.1,medium,3,12.9,0,2
33.1,95.3,196.3,15.8,good,10,1.6,0,3
22.6,63.8,64.5,3.3,good,11,2.0,0,0
19.5,99.2,66.9,16.5,medium,1,20.9,0,3
23.8,57.0,251.7,21.9,poor,6,25.3,0,3
21.2,60.1,107.1,14.6,medium,2,21.5,0,3
36.6,59.2,108.5,13.4,poor,1,12.8,0,3
34.2,94.7,142.5,23.1,poor,2,1.9,0,3
30.7,82.7,23.3,15.1,good,12,29.1,0,2
35.4,57.6,213.8,6.2,medium,6,29.6,0,0
34.1,72.0,125.4,7.0,medium,4,16.9,0,0
21.7,80.8,170.0,16.9,good,6,3.0,0,3
35.9,54.2,124.8,17.7,medium,12,16.7,1,3
28.8,94.1,267.4,7.3,medium,9,26.9,0,2
34.1,90.2,269.2,8.3,good,10,20.7,0,0
35.9,75.3,48.0,23.8,poor,12,21.9,0,3
24.4,98.4,237.4,2.4,medium,10,3.5,0,2
20.2,70.9,347.4,9.7,poor,8,4.1,0,0
22.6,99.2,78.8,1.5,good,1,4.7,0,0
26.5,83.4,237.8,19.7,poor,8,27.2,1,2
34.4,81.7,280.3,2.2,good,9,16.2,0,0
35.2,58.3,250.4,16.2,good,6,24.0,1,3
18.1,94.1,277.3,1.4,medium,10,4.3,1,1
28.2,71.4,217.5,16.1,medium,5,27.9,1,3
26.3,58.1,256.1,20.2,medium,6,24.8,0,3
22.4,50.6,227.9,9.6,medium,6,7.5,0,0
20.4,78.0,169.8,12.5,good,9,26.4,0,3
24.8,76.4,92.0,9.6,medium,4,8.6,0,2
36.9,86.0,49.2,7.2,medium,2,7.0,0,0
24.5,94.5,75.9,19.3,medium,11,8.7,0,2
28.4,54.0,103.2,6.5,medium,11,27.4,1,0
32.1,86.6,185.1,17.4,poor,9,27.6,0,3
25.3,59.4,95.1,4.9,medium,2,10.5,0,0
37.4,92.9,245.0,6.0,medium,10,21.5,0,0
37.2,91.0,211.7,8.1,poor,9,20.6,0,1
23.0,77.0,130.6,14.1,medium,2,24.4,0,3
27.9,85.5,80.0,10.9,good,12,9.6,0,2
24.0,65.7,231.6,17.9,good,8,15.8,0,3
23.7,73.6,221.0,5.1,medium,9,20.4,0,0
18.7,91.1,102.0,0.3,good,12,1.8,0,0
30.2,73.0,229.4,18.6,medium,10,11.9,0,3
28.1,67.9,297.8,19.7,good,9,21.2,0,3
19.0,74.7,259.9,1.4,good,10,8.3,0,0
23.6,91.4,315.8,14.7,medium,9,28.8,0,3
36.2,66.8,53.9,9.1,poor,2,1.9,0,0
22.8,58.7,57.4,19.1,medium,4,28.8,0,3
20.9,85.6,245.9,21.0,poor,7,7.3,0,1
27.8,91.3,75.0,20.4,poor,12,2.4,0,2
37.7,55.0,71.1,18.7,good,2,9.5,0,3
22.8,62.0,145.8,6.5,good,1,23.8,1,0
31.4,57.1,131.6,19.5,medium,3,22.8,0,3
33.2,67.4,87.5,12.8,poor,12,7.1,0,3
22.8,72.5,90.4,1.3,medium,4,6.7,0,0
32.6,87.4,248.2,11.0,poor,8,19.6,0,1
25.4,82.6,207.5,22.6,good,6,14.3,0,2
30.6,81.0,75.4,21.3,good,11,24.0,1,2
30.7,67.6,99.3,2.5,medium,2,1.7,1,0
28.7,92.1,325.3,17.9,medium,9,18.7,0,2
19.8,73.6,104.9,19.3,good,2,22.2,1,3
34.7,99.0,42.3,6.5,good,12,29.8,0,0
24.4,81.7,245.5,11.3,good,5,20.7,0,2
21.7,56.3,43.3,17.1,medium,12,7.7,0,3
18.8,83.8,109.2,10.5,poor,4,4.1,0,0
29.8,66.3,239.4,2.7,poor,7,19.6,0,0
31.6,84.3,257.6,16.9,medium,8,16.2,0,2
18.3,53.5,284.0,21.9,medium,5,27.1,0,3
28.2,58.7,398.3,15.7,medium,10,22.1,0,3
22.5,92.8,273.4,18.6,good,5,15.8,0,3
30.9,61.4,74.0,8.6,good,2,12.7,0,0
21.5,91.9,197.9,4.4,good,8,12.7,0,0
31.8,64.0,116.5,15.4,poor,2,7.6,0,3
25.7,82.1,250.9,7.9,poor,10,1.5,0,2
36.7,84.7,121.4,20.6,medium,12,17.7,1,3
20.8,75.6,315.3,2.9,medium,6,7.2,0,0
24.8,65.3,236.9,10.4,good,8,7.0,1,0
20.3,60.6,190.4,9.5,medium,6,4.6,0,0
36.5,51.7,86.8,22.5,medium,4,6.5,0,3
35.5,65.2,64.6,3.7,medium,4,1.9,1,0
23.2,82.7,262.0,0.2,good,6,20.6,0,0
31.2,96.9,106.2,5.7,poor,4,12.6,0,2
34.3,93.6,177.3,19.7,medium,8,17.3,0,3
29.1,88.3,273.2,5.0,poor,9,19.5,0,1
28.6,89.4,99.0,5.8,poor,1,29.2,0,2
22.8,83.2,100.2,3.1,poor,4,3.0,0,0
19.9,63.0,45.9,17.2,good,4,13.1,1,3
35.9,95.4,90.5,1.7,good,2,8.1,0,0
36.0,83.5,320.2,7.9,good,6,14.8,0,0
30.7,78.0,88.6,6.8,good,3,27.7,1,2
24.8,55.5,254.2,13.3,medium,7,22.0,0,3
25.0,72.4,108.5,17.5,medium,11,20.2,0,3
32.5,73.0,62.6,12.8,medium,11,13.8,0,3
35.9,93.2,183.5,22.3,good,5,20.5,0,3
35.7,77.3,75.0,22.8,poor,4,1.9,0,3
33.6,69.0,286.8,8.7,good,5,18.0,0,0
30.8,98.8,311.9,18.7,good,8,17.1,0,2
19.7,55.5,93.3,17.7,medium,3,11.1,1,3
21.2,71.1,301.8,21.4,medium,7,6.8,0,3
36.0,52.1,312.3,10.8,medium,6,24.4,0,0
30.1,87.0,71.5,12.7,good,12,2.6,0,2
18.2,95.9,76.3,10.0,medium,1,3.0,0,0
20.0,64.0,324.4,20.4,good,7,13.8,0,3
31.3,92.9,199.5,5.5,good,7,8.3,0,2
18.1,64.6,90.7,5.8,medium,12,22.6,0,0
21.2,95.5,62.1,8.9,good,1,19.4,1,0
29.0,87.7,315.0,5.5,good,9,23.4,0,2
31.8,90.2,259.1,13.5,medium,6,10.4,0,2
31.0,50.9,80.2,3.2,poor,12,22.5,0,0
22.5,98.1,123.2,7.7,poor,2,26.0,0,0
32.2,86.3,206.2,21.9,medium,5,11.0,0,3
22.7,65.2,85.4,9.8,good,11,10.9,0,0
24.5,91.5,75.5,18.0,good,4,27.1,1,2
32.9,64.1,286.6,2.7,good,7,2.4,0,0
31.0,93.6,356.5,5.9,medium,8,11.2,0,2
35.0,55.6,64.9,19.4,medium,11,4.4,0,3
31.2,85.2,50.1,18.3,medium,11,1.8,1,2
29.4,77.0,59.8,9.3,medium,1,4.3,0,2
19.9,54.8,248.4,22.9,good,5,13.5,0,3
25.4,62.1,81.6,21.9,medium,3,20.9,0,3
23.3,50.6,82.9,23.1,good,1,9.4,0,3
22.9,73.4,125.1,10.3,medium,12,25.6,0,0
37.5,65.1,120.6,4.7,medium,3,13.7,0,0
25.9,79.9,325.1,15.0,medium,6,29.1,0,3
35.8,64.9,385.7,16.4,medium,7,28.7,0,3
30.6,65.0,301.2,3.0,medium,8,23.4,0,2
33.9,87.2,107.7,18.9,good,11,28.0,0,3
28.1,52.4,100.1,0.4,good,4,21.5,0,0
29.5,95.1,96.0,11.6,medium,3,27.0,1,2
27.9,92.6,279.7,7.9,good,5,7.9,0,2
21.9,83.4,240.2,17.8,medium,9,11.0,0,3
32.4,79.7,197.7,7.5,medium,6,22.8,0,0
23.6,94.6,253.5,19.8,poor,9,13.3,0,1
18.5,59.3,288.3,14.3,poor,6,25.3,0,3
30.9,53.9,81.8,19.1,good,2,26.5,0,3
21.5,62.0,206.7,23.7,poor,5,9.7,0,3
36.8,89.7,75.9,16.3,medium,12,24.9,0,3
37.1,51.7,74.5,23.6,medium,11,5.5,0,3
36.3,79.1,256.9,0.7,good,9,10.7,0,0
25.4,99.8,284.5,8.1,poor,8,16.0,1,1
18.3,92.8,295.3,2.6,good,7,7.6,0,0
36.6,76.1,67.5,6.3,poor,1,17.8,0,0
26.6,53.2,104.5,20.1,good,4,17.8,0,3
37.3,91.6,108.3,0.8,medium,12,7.0,0,0
37.3,79.9,276.0,12.5,medium,7,24.1,1,3
35.1,55.7,96.6,13.6,good,11,19.3,0,3
23.9,54.7,309.2,13.5,good,7,10.2,0,3
25.7,95.5,205.1,11.4,medium,6,7.7,0,2
35.0,83.5,312.7,19.0,good,8,26.5,1,3
24.3,91.5,60.2,3.2,medium,11,25.2,0,2
21.4,93.9,225.4,7.5,medium,6,7.7,0,0
29.1,78.6,269.8,14.8,poor,10,2.0,0,3
36.7,75.9,26.4,16.6,medium,3,24.3,0,3
31.9,71.5,84.4,9.7,good,4,18.8,0,2
29.4,65.8,104.5,21.0,good,3,3.9,1,3
19.9,71.7,38.9,10.0,good,1,18.0,0,0
30.3,88.7,314.5,9.7,poor,10,14.1,0,1
37.8,80.1,225.1,0.9,poor,5,23.5,0,0
20.8,94.6,85.2,13.2,good,1,7.1,0,3
28.4,72.2,66.2,17.0,good,1,14.1,0,3
35.5,80.4,94.3,2.7,poor,2,5.5,0,0
32.8,81.6,105.6,7.3,poor,4,28.8,0,0
31.9,79.6,292.4,18.8,poor,6,23.6,1,3
32.0,85.1,259.8,8.8,poor,8,22.4,0,1
25.2,61.9,68.1,5.8,medium,3,21.0,1,0
23.9,75.6,78.3,16.1,good,1,13.3,0,3
34.2,55.2,96.4,4.7,medium,3,27.8,0,0
34.2,69.2,97.3,21.5,medium,12,3.1,0,3
35.3,74.4,93.8,2.5,medium,3,24.3,1,0
36.3,82.6,195.9,17.0,medium,5,7.2,0,3
28.2,97.5,79.4,12.0,good,11,10.4,1,2
28.0,80.0,64.2,20.9,good,12,16.1,1,3
34.0,87.2,96.6,3.0,medium,12,23.7,0,0
31.0,75.3,60.9,16.3,good,4,25.3,0,3
32.0,81.7,91.3,13.7,medium,4,17.9,0,2
33.9,53.5,245.9,11.5,poor,9,12.7,0,0
35.8,62.7,166.0,11.8,poor,7,28.4,0,0
24.8,68.1,103.3,17.3,medium,4,8.1,0,3
25.5,73.6,79.4,22.5,medium,3,24.3,1,3
19.9,52.3,323.8,2.2,good,6,18.7,0,0
29.6,57.0,38.4,0.5,medium,3,11.9,1,0
18.7,63.8,245.4,19.3,medium,6,1.0,0,3
27.3,98.6,74.6,2.6,medium,11,14.0,0,2
28.9,66.6,86.8,23.7,poor,11,9.0,0,3
23.7,74.1,46.9,14.9,medium,12,4.0,0,3
29.8,59.8,287.2,15.6,good,9,3.2,1,3
18.6,80.5,355.6,4.8,good,6,11.1,1,0
18.7,64.0,91.9,5.8,medium,12,18.8,1,0
34.5,60.3,82.3,15.8,medium,4,25.3,1,3
25.2,75.8,191.1,21.8,poor,5,6.3,0,3
20.5,50.3,221.3,23.6,medium,6,13.3,0,3
28.4,50.4,78.6,4.8,medium,11,12.4,0,0
33.4,61.0,66.8,3.2,medium,3,15.9,1,0
22.3,51.8,311.3,1.4,medium,8,24.5,0,0
30.5,55.4,93.3,20.8,medium,4,17.1,1,3
19.7,66.9,394.6,7.1,medium,8,25.6,0,0
19.0,90.1,211.0,0.0,medium,10,16.0,1,0
28.6,78.6,261.7,5.4,good,10,18.5,0,2
28.8,75.6,45.4,8.2,poor,3,13.7,0,2
30.7,64.7,148.9,23.8,good,10,24.9,1,3
32.5,96.6,296.1,12.6,good,7,27.8,1,3
37.5,69.9,92.4,4.9,good,11,19.5,0,0
28.3,54.4,58.6,8.0,good,12,24.8,1,0
24.5,80.9,264.7,7.9,medium,9,2.7,1,2
33.9,55.7,64.3,0.5,good,4,27.3,0,0
23.4,67.3,235.3,3.2,good,8,6.5,0,0
26.8,75.4,72.0,16.7,medium,3,8.4,0,3
19.6,93.7,215.2,2.9,medium,7,2.5,0,0
18.5,74.7,62.1,5.5,good,3,29.0,0,0
37.3,85.1,62.8,8.4,medium,12,25.7,0,0
34.7,99.6,281.1,18.2,medium,7,27.5,0,3
31.9,56.6,20.0,14.0,poor,11,25.6,0,3
26.2,63.7,248.6,16.5,medium,10,14.9,0,3
21.5,69.7,205.6,13.6,good,10,27.8,0,3
21.1,71.1,53.7,16.4,medium,11,29.1,0,3
23.0,70.6,66.9,0.1,medium,11,15.6,0,0
29.0,95.4,259.3,22.3,good,6,6.1,0,2
32.3,85.7,74.6,2.7,poor,2,20.1,1,0
31.2,80.4,53.4,9.7,medium,11,29.3,0,2
23.6,65.5,98.0,18.5,poor,3,26.3,0,3
37.1,91.2,214.9,10.4,medium,6,26.0,0,0
32.8,97.8,61.6,22.7,medium,4,28.1,0,3
29.1,91.1,274.2,11.2,medium,6,26.9,0,2
30.2,50.1,88.0,21.0,medium,1,23.5,0,3
26.4,81.8,229.4,19.5,medium,10,21.8,0,2
23.0,52.6,20.0,23.5,poor,12,8.7,1,3
25.1,62.9,57.9,22.2,medium,1,19.0,0,3
33.2,53.0,84.0,21.6,poor,3,16.1,1,3
18.3,80.2,294.4,17.6,poor,8,26.0,1,3
20.3,84.3,256.0,8.8,poor,8,15.3,0,1
18.9,55.7,68.0,2.5,medium,11,4.7,0,0
18.8,69.2,137.3,16.5,medium,4,1.1,0,3
35.1,72.8,241.4,23.5,good,6,20.7,0,3
32.1,68.5,290.6,17.4,medium,8,16.9,1,3
27.5,56.1,193.2,22.3,good,7,10.6,0,3
20.0,70.9,52.7,19.3,good,11,5.9,0,3
27.8,87.6,292.4,3.9,good,7,14.5,1,2
27.5,53.6,106.1,6.0,poor,4,3.9,1,0
21.5,54.0,240.5,8.2,poor,9,10.7,0,0
26.7,67.7,33.8,4.0,medium,12,12.0,1,2
26.0,97.1,251.6,14.0,medium,10,14.5,0,2
30.3,83.4,269.5,23.4,medium,6,14.5,0,2
30.7,83.9,82.5,18.3,medium,12,8.5,0,2
18.9,68.1,65.9,10.2,medium,11,25.7,0,0
25.5,79.7,76.2,0.1,good,3,11.3,0,2
30.5,50.5,222.5,7.5,good,5,7.7,0,0
28.1,81.8,204.4,12.6,medium,5,6.1,0,2
35.1,95.7,297.8,7.8,medium,5,10.4,0,0
31.2,80.6,264.9,2.7,medium,8,3.0,0,2
21.3,93.7,252.5,10.6,poor,9,2.0,1,1
19.4,86.2,234.6,6.1,good,9,18.5,0,0
30.8,56.0,251.0,21.8,good,6,19.0,0,3
18.5,95.1,268.0,2.4,medium,6,16.4,1,0
29.7,53.3,346.4,1.2,good,9,23.1,1,0
36.8,76.7,96.4,0.1,good,4,2.1,0,0
29.5,57.1,226.7,7.9,good,6,28.1,0,0
25.8,50.6,63.6,15.8,medium,4,3.8,1,3
30.9,71.1,59.7,17.5,good,11,20.5,1,3
27.2,64.8,75.0,10.9,medium,1,4.9,0,2
28.9,74.3,219.4,16.4,medium,7,26.5,0,3
36.8,78.9,283.7,8.6,good,10,15.8,0,0
25.7,52.2,20.0,16.0,medium,11,3.4,0,3
37.2,56.2,93.4,1.0,good,12,18.9,0,0
36.1,77.9,273.8,9.4,poor,6,1.3,0,0
21.9,67.2,323.1,19.0,poor,9,23.5,0,3
19.4,86.5,303.8,19.3,good,7,19.9,1,3
20.0,82.6,225.8,17.2,poor,7,7.2,0,3
18.4,92.3,99.1,4.9,medium,2,11.9,0,0
19.9,84.6,75.8,5.9,poor,12,1.2,1,0
31.7,71.5,31.6,23.9,medium,11,21.1,0,3
19.4,83.6,267.9,2.5,good,9,10.4,0,0
24.4,63.8,228.8,4.3,poor,10,17.6,1,2
34.9,65.3,260.0,3.1,good,9,28.7,0,0
18.5,89.4,342.6,7.9,good,6,9.7,1,0
34.3,72.3,85.6,5.0,good,3,29.7,0,0
23.6,89.9,54.6,11.9,good,1,19.3,0,0
20.4,91.1,104.1,11.4,medium,4,8.0,1,0
31.9,92.9,89.1,21.6,medium,3,13.7,0,2
30.6,95.8,51.6,0.8,poor,12,22.5,0,2
35.5,71.5,39.8,7.7,good,1,13.9,0,0
32.7,65.9,55.6,14.3,poor,3,3.0,0,3
34.1,79.1,100.9,14.5,poor,4,5.9,1,3
23.6,68.6,244.9,11.5,good,8,23.9,0,0
21.5,80.1,264.1,19.6,good,9,19.8,0,3
33.0,85.3,46.5,1.5,poor,3,17.5,0,0
34.1,84.4,303.2,19.6,medium,6,5.9,0,3
37.8,68.7,159.2,11.9,medium,10,25.3,1,0
26.3,58.3,63.6,3.2,medium,11,28.9,1,0
25.4,71.5,280.9,21.3,medium,5,2.2,0,3
33.5,57.1,203.9,15.6,good,6,3.3,0,3
24.8,94.5,95.4,3.9,medium,4,26.7,0,2
36.6,67.3,216.5,0.8,good,10,24.7,0,0
35.2,57.7,198.7,3.4,medium,6,18.9,0,0
26.6,51.3,324.3,14.6,poor,7,28.4,0,3
33.0,82.3,267.7,4.3,medium,9,19.7,0,0
33.1,81.8,286.0,5.4,poor,10,7.3,1,1
20.1,67.0,310.9,0.6,medium,7,22.1,0,0
36.1,53.6,129.0,17.4,medium,6,19.7,0,3
28.1,70.5,95.9,19.4,medium,1,29.6,0,3
34.5,65.6,61.0,19.1,poor,2,7.2,0,3
24.4,83.9,64.3,3.1,medium,1,18.3,0,2
35.9,80.3,281.9,21.7,good,9,23.6,0,3
25.8,68.2,241.8,16.1,poor,10,10.8,1,3
18.2,60.9,289.7,21.5,medium,10,12.0,0,3
36.1,99.4,258.0,10.7,good,9,26.7,1,0
19.8,72.7,268.4,10.5,medium,7,12.7,0,0
24.4,84.4,67.7,18.8,poor,2,19.1,0,2
37.0,57.0,206.8,2.2,medium,6,26.8,0,0
37.0,74.3,61.5,12.5,good,11,7.1,0,3
29.5,51.4,77.4,20.1,poor,4,29.5,0,3
30.6,75.3,125.9,19.9,medium,1,21.4,0,3
27.0,98.2,116.8,22.9,medium,1,15.4,0,2
23.9,69.2,63.7,16.8,good,12,13.5,0,3
24.6,51.9,263.0,5.0,good,5,28.7,1,0
31.5,51.5,72.8,0.5,medium,12,7.0,0,0
33.0,69.4,83.3,11.5,poor,2,10.0,0,0
33.8,58.0,86.5,12.3,good,4,9.9,0,3
33.8,51.2,93.2,5.8,good,1,9.4,0,0
19.8,87.8,20.0,3.0,good,4,14.6,0,0
27.9,72.9,89.2,14.1,medium,11,29.7,0,3
19.2,64.5,240.1,18.3,good,6,26.8,1,3
29.0,95.0,224.8,23.8,good,10,10.5,1,2
26.8,55.8,99.9,18.2,good,4,13.3,0,3
35.8,97.8,116.7,19.0,medium,1,20.4,1,3
25.0,65.7,294.5,14.8,medium,7,1.5,0,3
20.3,94.4,67.0,23.7,good,2,24.8,1,3
20.9,80.1,206.2,15.4,poor,9,26.5,0,3
33.2,91.3,20.0,20.6,good,3,25.9,0,3
30.4,99.2,269.1,22.7,good,8,11.9,0,2
20.0,64.4,289.0,22.3,poor,8,14.4,0,3
19.7,98.1,77.5,9.2,medium,3,1.4,0,0
32.0,69.5,103.3,1.9,medium,4,12.6,1,2
19.5,69.3,47.0,4.1,good,2,14.4,0,0
34.4,67.0,75.7,1.4,medium,4,27.3,0,0
32.1,77.1,73.7,2.5,medium,11,26.9,0,0
19.6,57.7,77.2,4.4,poor,11,29.0,1,0
19.7,77.7,109.2,8.2,good,11,26.7,1,0
37.7,77.1,254.8,13.0,medium,9,1.2,0,3
25.5,88.1,72.6,17.1,medium,2,19.6,1,2
25.4,91.7,56.6,5.1,poor,12,3.0,1,2
34.3,72.0,113.2,16.1,good,12,8.9,0,3
36.9,65.1,44.2,16.9,poor,3,17.8,1,3
37.7,63.0,66.2,13.4,good,11,21.3,0,3
33.1,59.7,122.3,21.7,medium,11,20.0,0,3
25.5,52.9,91.7,2.7,good,4,2.4,0,0
19.7,67.1,259.0,4.3,medium,5,4.0,0,0
33.5,63.5,80.5,10.3,good,1,4.7,0,0
29.2,98.3,212.7,3.0,good,7,3.7,0,2
26.5,77.9,256.6,13.6,good,10,6.2,1,3
36.1,67.4,242.5,9.6,good,7,21.0,1,0
20.2,79.0,269.0,6.8,poor,9,25.1,1,1
27.9,57.0,42.3,4.1,poor,4,12.9,0,0
18.2,72.2,279.9,8.0,medium,6,21.1,0,0
27.4,81.3,105.4,14.6,good,11,6.8,0,2
19.1,74.4,74.9,13.8,medium,2,29.2,1,3
20.4,70.1,96.2,3.9,medium,12,11.1,0,0
20.4,99.7,87.8,3.0,poor,12,25.5,1,1
31.0,94.0,64.8,0.6,medium,4,28.4,1,2
32.9,81.2,53.5,0.3,poor,2,26.1,0,0
29.7,78.5,214.1,21.1,poor,10,2.9,0,3
37.2,81.0,274.6,1.1,poor,5,19.9,0,0
25.5,60.1,257.2,17.5,good,7,4.5,0,3
23.7,69.8,111.9,20.9,good,1,1.2,0,3
35.4,52.0,299.5,2.4,medium,10,2.5,1,0
22.5,73.8,299.4,10.5,medium,10,27.6,0,0
37.3,77.2,273.2,23.1,good,7,27.3,1,3
18.2,61.4,211.9,20.0,good,10,7.5,1,3
37.4,98.2,276.3,11.8,medium,6,16.9,0,1
18.9,95.5,263.2,18.3,medium,6,28.7,0,3
35.8,86.1,51.5,20.0,good,12,15.4,1,3
28.6,76.7,320.5,8.4,medium,8,12.4,0,2
37.9,93.5,315.1,21.4,medium,8,15.0,0,3
19.5,56.5,202.8,11.3,medium,6,23.9,0,0
29.1,89.5,64.1,12.7,good,3,14.8,0,2
37.4,56.2,232.5,24.0,medium,5,23.7,0,3
28.5,89.7,95.2,20.2,medium,2,13.5,1,2
30.6,63.8,284.7,8.7,good,5,8.3,0,0
31.9,93.9,262.2,0.2,medium,9,10.5,0,2
27.1,97.2,273.7,15.0,good,10,3.3,1,2
30.6,57.4,47.8,16.9,good,1,15.4,0,3
29.7,73.1,279.1,15.6,medium,10,5.3,0,3
36.0,99.0,255.0,23.2,good,5,24.5,1,3
18.9,74.2,63.0,20.7,good,12,13.2,1,3
23.6,93.2,183.4,10.8,poor,6,23.2,0,0
37.0,79.4,80.7,1.5,good,11,28.7,1,0
35.8,68.8,277.8,11.4,poor,7,25.6,1,0
27.1,64.3,174.9,16.5,medium,9,28.6,0,3
30.4,60.2,260.9,14.6,good,6,17.5,0,3
23.5,88.1,266.1,12.9,good,5,5.8,1,3
21.8,69.3,66.1,11.3,medium,12,28.1,0,0
27.3,75.6,279.0,7.1,medium,7,26.2,0,2
25.1,74.6,76.7,6.7,good,1,26.1,1,2
29.7,78.9,87.1,12.0,good,11,21.1,0,2
19.6,93.3,286.7,3.9,medium,5,19.1,0,0
37.5,99.0,93.4,8.2,good,2,1.4,0,0
37.7,70.4,105.4,7.8,poor,4,22.7,0,0
32.0,91.4,276.9,14.1,medium,7,3.7,0,2
28.7,88.2,236.1,1.6,medium,5,8.5,0,2
24.2,78.7,63.8,19.9,good,12,17.0,0,3
34.3,97.8,206.8,13.5,good,6,14.1,0,3
31.7,60.0,83.8,16.1,poor,2,1.5,1,3
21.3,55.5,113.0,16.9,good,3,24.9,1,3
36.2,92.7,242.1,7.0,good,7,26.5,0,0
34.5,72.0,91.2,11.3,medium,11,20.8,0,0
37.0,92.3,61.2,22.9,good,2,16.7,1,3
32.5,94.7,84.9,18.4,medium,12,28.9,1,3
30.3,53.1,323.0,23.3,poor,6,4.5,0,3
26.4,94.2,294.3,17.9,medium,5,22.4,0,2
36.7,72.4,181.5,4.2,poor,10,4.7,1,0
35.3,75.5,94.3,1.5,poor,1,12.1,0,0
18.9,81.3,95.4,13.9,good,12,18.0,0,3
18.5,96.3,84.3,8.6,good,11,22.4,0,0
25.5,51.0,293.4,6.6,medium,10,1.1,1,0
34.2,73.8,59.2,19.4,medium,11,8.6,0,3
37.7,84.4,81.6,8.8,good,4,16.6,0,0
21.0,86.1,107.8,7.6,poor,11,16.5,0,0
29.9,84.6,105.5,20.4,medium,2,19.5,1,2
25.6,56.7,93.7,20.3,good,4,9.8,0,3
37.4,65.0,57.9,8.6,medium,1,16.7,0,0
34.8,67.9,54.0,20.0,good,2,6.5,0,3
34.8,90.2,265.7,20.4,poor,8,6.4,0,1
27.4,63.9,269.0,10.2,medium,6,17.7,0,0
26.3,60.5,77.5,1.6,good,2,20.9,0,2
23.5,97.9,59.9,0.0,good,12,4.5,0,0
19.1,50.4,281.8,12.6,poor,6,4.6,0,3
35.3,99.9,265.5,8.3,medium,10,17.4,0,0
34.3,83.8,274.5,23.9,poor,9,8.8,0,3
38.0,91.4,289.7,18.5,good,7,12.4,0,3
37.9,64.7,246.3,18.3,good,9,12.6,0,3
29.1,50.7,235.6,22.9,good,5,6.2,0,3
33.4,86.9,315.4,21.3,medium,7,1.0,0,3
36.9,91.7,61.1,7.6,good,11,25.7,0,0
35.0,87.0,236.5,4.0,good,7,21.7,1,0
22.9,57.1,110.9,17.9,medium,12,21.0,0,3
27.0,87.7,66.3,9.1,medium,12,16.8,0,2
20.6,88.4,77.5,11.4,good,3,21.3,0,0
37.1,82.9,239.4,15.1,medium,7,28.1,0,3
30.1,88.3,35.4,21.8,medium,1,20.3,0,2
22.6,92.3,253.8,10.1,good,9,8.7,0,0
31.4,80.7,209.5,18.8,good,10,17.5,0,2
30.4,54.4,272.7,6.4,good,6,13.8,0,0
25.2,74.4,315.3,16.8,medium,5,17.1,0,3
20.3,53.9,149.3,0.0,poor,7,16.0,0,0
31.4,70.4,239.7,20.9,good,5,25.9,0,3
28.4,70.4,282.6,0.7,good,10,19.9,0,2
33.4,53.3,150.8,17.1,poor,5,6.5,0,3
28.4,67.4,113.4,1.1,poor,11,2.8,0,2
35.0,55.5,279.0,6.4,medium,10,13.3,0,0
29.0,90.4,107.1,11.9,poor,11,1.5,0,2
29.2,97.4,231.8,10.1,medium,7,10.2,0,2
35.5,53.6,237.8,4.6,medium,10,11.7,0,0
26.1,97.8,252.0,8.0,good,7,11.9,0,2
20.7,76.1,133.5,17.5,medium,11,29.4,0,3
18.6,65.0,113.0,16.1,good,3,9.8,0,3
33.1,53.8,83.3,1.7,poor,3,8.7,1,0
30.4,75.0,272.7,17.9,poor,10,4.8,1,3
32.1,89.7,95.9,1.3,medium,12,15.8,0,0
22.3,85.4,139.8,13.0,good,3,5.5,1,3
20.7,52.5,279.1,6.2,good,6,18.9,0,0
18.3,53.6,81.1,14.1,good,12,5.5,0,3
25.0,70.1,243.1,6.3,good,6,17.7,1,2
29.8,64.8,85.9,23.6,medium,3,25.0,1,3
25.8,61.6,65.3,7.4,poor,3,2.2,1,0
26.7,64.1,284.8,5.8,good,8,13.2,0,0
36.1,90.2,188.4,6.7,good,8,14.4,0,0
25.0,96.5,247.0,21.5,medium,7,23.9,0,2
28.3,70.3,296.7,15.3,good,10,14.6,0,3
33.7,95.3,89.2,17.5,poor,4,17.5,0,3
25.9,66.1,68.4,22.0,good,4,23.9,1,3
30.4,73.8,74.2,21.9,good,3,17.2,0,3
35.2,61.3,311.8,17.7,good,5,11.4,0,3
37.0,82.0,49.7,4.7,good,3,3.5,0,0
20.9,98.9,199.8,20.2,medium,8,22.2,0,3
36.5,80.2,213.5,4.9,good,7,26.3,0,0
27.8,67.9,79.7,17.8,medium,3,29.1,1,3
23.2,82.4,192.2,16.5,medium,9,27.9,0,3
27.2,56.1,103.8,18.2,good,12,24.1,0,3
37.6,94.4,213.8,12.8,good,5,19.7,1,3
27.9,75.2,271.2,15.3,medium,9,23.7,1,3
24.6,72.5,231.0,22.9,medium,7,13.5,1,3
30.7,79.3,256.7,2.4,poor,7,18.2,1,2
22.8,81.2,179.8,7.4,good,6,11.1,0,0
19.5,53.6,105.0,14.7,good,2,10.5,1,3
20.6,84.1,211.9,23.1,good,9,22.9,0,3
20.6,62.1,206.7,2.3,medium,6,14.2,1,0
21.0,85.7,379.0,0.5,medium,8,7.2,0,0
20.8,91.1,93.9,1.3,poor,1,6.9,0,0
30.8,90.2,308.1,1.3,medium,5,25.9,0,2
21.6,77.6,91.5,21.8,good,12,20.7,0,3
24.9,76.0,68.7,17.3,medium,1,16.8,0,3
35.9,57.1,194.7,16.3,poor,10,12.6,0,3
27.5,88.8,72.5,12.5,good,11,13.5,1,2
31.4,63.6,211.1,18.8,medium,8,2.7,0,3
21.4,74.8,214.1,3.7,poor,8,14.2,0,0
21.8,64.2,40.4,9.4,medium,1,24.1,1,0
18.8,56.7,265.7,11.8,medium,9,12.3,0,0
21.4,81.5,119.3,2.6,good,2,12.1,0,0
23.6,52.7,94.0,10.1,medium,12,1.5,0,0
21.5,87.4,254.7,7.6,good,9,14.3,0,0
19.8,65.9,79.0,0.9,medium,1,1.7,1,0
20.4,50.0,20.0,3.3,good,12,17.5,1,0
27.2,75.6,238.8,18.3,poor,10,15.7,0,3
22.1,52.3,188.7,0.4,poor,9,25.4,0,0
25.3,63.8,83.4,22.4,medium,4,17.9,0,3
28.1,85.3,247.0,2.1,good,9,10.4,0,2
31.8,53.1,216.5,19.2,good,7,16.0,0,3
18.8,92.0,82.8,21.6,medium,11,21.3,0,3
34.0,50.2,265.2,22.6,medium,6,3.7,0,3
30.6,62.3,335.9,20.8,medium,5,19.0,0,3
19.6,87.0,97.2,6.9,good,11,27.6,0,0
35.5,65.8,270.8,8.0,medium,9,9.7,0,0
36.4,55.1,56.3,10.2,medium,2,19.2,1,0
19.2,68.0,53.2,3.3,medium,11,24.8,0,0
23.5,63.5,95.0,0.5,medium,12,15.8,1,0
34.1,92.1,75.0,20.9,medium,2,21.8,1,3
33.0,65.7,86.2,13.3,good,11,10.0,0,3
21.7,89.4,104.5,14.6,good,12,9.9,0,3
22.2,94.6,184.3,22.2,medium,9,20.4,0,3
25.4,71.7,114.9,16.0,good,12,21.5,0,3
27.7,95.5,104.2,16.6,medium,3,28.2,0,2
30.4,68.9,157.3,18.9,medium,8,7.5,1,3
25.4,98.2,138.8,2.8,poor,11,14.6,1,2
27.3,54.5,276.1,8.6,medium,9,8.3,0,0
32.9,84.4,236.1,23.2,good,8,3.3,1,3
18.7,74.7,93.0,22.2,good,4,12.7,0,3
23.0,69.4,55.6,21.2,poor,12,11.8,1,3
32.3,81.6,93.7,10.9,good,1,8.8,0,0
35.9,85.2,60.2,20.6,medium,4,9.6,0,3
28.2,50.2,361.0,1.2,medium,9,11.5,0,0
28.6,58.3,81.5,3.6,good,2,29.7,1,0
20.1,85.7,96.2,9.9,good,3,23.7,0,0
26.9,83.3,220.7,11.6,medium,10,3.1,0,2
28.7,98.3,300.8,6.3,poor,8,26.3,1,1
22.8,88.1,259.4,8.6,good,6,19.4,1,0
23.4,97.5,189.4,3.9,poor,8,26.8,0,1
25.5,85.1,248.1,11.7,medium,7,10.9,0,2
18.4,64.9,356.6,19.1,poor,5,14.5,0,3
24.4,55.3,302.9,15.9,good,9,27.0,0,3
22.2,89.1,70.5,2.6,good,4,8.9,0,0
24.5,82.2,166.5,11.7,poor,6,27.5,0,2
20.4,52.4,59.2,16.7,poor,2,25.0,0,3
35.8,68.0,44.8,12.7,medium,2,29.4,0,3
29.9,97.8,33.9,9.4,medium,2,10.4,0,2
31.6,75.0,299.3,14.9,poor,10,7.8,0,3
33.8,71.6,263.1,23.2,good,7,10.6,0,3
28.0,72.9,124.9,2.3,medium,2,28.7,0,2
19.7,60.4,55.1,9.4,poor,12,10.7,0,0
28.7,68.4,79.9,9.8,good,2,17.4,0,0
29.7,68.5,190.3,13.8,good,9,12.7,1,3
32.9,52.6,230.3,3.7,medium,7,12.5,0,0
26.6,88.4,74.4,4.2,good,11,6.6,0,2
20.6,70.8,70.6,6.8,good,3,16.6,0,0
23.7,91.1,81.3,22.9,poor,3,25.6,0,3
25.3,92.5,308.6,17.6,medium,7,2.4,0,2
30.9,60.6,303.3,15.9,poor,5,26.8,1,3
29.4,82.9,221.5,19.6,poor,10,20.3,0,2
25.1,73.6,258.5,3.1,good,6,18.9,0,2
37.7,94.0,99.9,20.6,good,12,19.2,0,3
30.1,60.8,311.8,14.3,good,8,9.6,1,3
22.7,83.9,226.9,8.0,good,9,13.0,0,0
20.0,80.4,97.7,19.6,medium,1,24.2,0,3
21.1,64.8,88.3,19.3,medium,3,9.9,0,3
22.9,56.8,53.4,20.3,medium,11,14.6,1,3
21.2,82.6,300.0,2.8,good,7,1.6,0,0
21.7,86.9,267.6,23.3,good,6,22.3,0,3
23.7,65.8,172.9,23.0,medium,7,13.1,1,3
21.5,82.2,245.3,8.6,medium,8,16.2,1,0
35.9,69.8,262.0,1.6,good,6,4.3,0,0
19.6,85.7,64.9,4.0,medium,3,29.8,1,0
28.5,60.0,110.7,23.8,good,2,9.8,0,3
26.2,94.5,111.6,13.5,good,12,19.4,0,2
37.6,64.4,240.9,8.6,medium,7,17.9,0,0
20.2,68.4,67.7,6.9,good,12,23.8,0,0
26.0,52.9,76.7,6.2,medium,12,9.5,0,0
37.4,55.6,75.0,15.9,good,12,22.9,0,3
35.3,75.8,65.2,10.1,good,11,12.1,1,0
34.3,63.4,20.0,23.2,good,1,12.9,1,3
23.2,91.8,123.9,16.4,poor,3,20.5,0,3
21.4,50.7,80.0,19.0,medium,12,23.7,0,3
31.4,69.0,75.5,7.0,poor,11,20.3,0,2
36.6,66.9,88.1,1.9,medium,4,27.1,0,0
29.1,51.0,78.0,11.7,medium,1,9.3,0,0
29.4,56.2,238.5,7.5,good,5,27.1,0,0
23.6,70.7,209.7,4.8,good,10,4.8,0,0
33.4,74.6,34.0,22.9,good,3,20.1,0,3
21.7,70.2,46.1,10.7,good,2,16.9,1,0
24.5,76.5,52.1,4.2,medium,3,15.3,1,2
26.5,79.8,292.5,4.8,good,8,10.0,0,2
28.2,50.5,296.2,6.7,good,6,15.6,0,0
22.8,73.2,215.9,24.0,good,7,5.7,0,3
20.3,98.2,20.0,6.4,medium,12,11.7,0,0
30.2,76.0,260.5,7.9,medium,6,3.9,0,2
23.8,83.9,238.9,15.8,poor,6,17.6,0,3
29.6,65.6,68.8,7.1,good,12,3.8,0,0
21.1,88.7,103.9,5.2,good,3,5.6,0,0
27.6,88.6,83.5,3.8,good,12,3.5,0,2
28.7,76.1,211.2,7.5,poor,8,12.1,0,2
19.0,98.8,49.8,2.5,good,12,25.4,0,0
24.7,56.3,246.9,0.4,medium,7,27.3,1,0
20.7,50.8,214.7,19.3,medium,7,3.1,1,3
19.3,88.5,256.4,3.3,good,6,19.4,0,0
37.8,90.4,311.3,18.6,good,5,20.8,0,3
24.4,56.0,191.0,19.1,good,10,16.5,1,3
34.2,63.3,264.4,12.9,poor,8,20.3,0,3
23.1,50.9,305.8,7.4,medium,5,7.8,1,0
31.6,64.7,255.7,3.5,medium,9,15.2,0,2
33.2,88.7,296.1,17.7,medium,9,12.3,1,3
29.9,75.9,72.8,14.4,medium,1,3.6,1,3
27.4,67.4,268.5,15.7,medium,6,19.1,0,3
26.2,68.6,282.0,0.2,good,7,15.4,0,2
25.0,50.1,65.7,22.3,good,3,9.0,0,3
36.6,65.0,359.5,1.6,good,7,14.7,0,0
34.6,82.3,94.4,8.8,medium,11,23.5,0,0
37.3,98.7,112.6,9.7,good,11,24.2,0,0
20.5,92.4,313.6,0.0,medium,7,19.8,0,0
32.6,51.2,88.2,11.9,good,11,14.6,0,0
36.8,94.9,114.6,18.1,poor,2,17.7,1,3
21.6,89.2,269.4,19.8,good,7,12.2,0,3
19.3,89.0,61.8,21.1,good,1,4.7,0,3
32.8,72.9,260.7,11.7,poor,5,12.2,0,0
29.5,69.9,209.7,15.1,medium,9,16.4,0,3
34.8,65.1,154.9,1.9,poor,7,18.4,0,0
20.8,53.3,217.4,11.7,good,7,28.1,1,0
33.9,61.4,81.8,3.7,good,11,23.5,0,0
22.0,62.3,106.5,8.9,medium,12,5.4,0,0
21.3,74.2,58.6,7.9,poor,2,6.1,0,0
21.3,87.4,310.5,10.2,good,8,3.9,0,0
34.3,73.7,49.7,13.7,poor,3,22.4,1,3
31.3,52.9,214.0,21.7,medium,8,21.5,0,3
28.5,97.9,116.2,9.5,poor,3,29.6,0,2
25.2,97.1,262.4,23.5,good,10,16.1,0,2
35.5,89.3,251.3,18.2,good,7,25.0,1,3
25.8,99.6,85.9,12.3,poor,2,17.7,0,2
34.3,77.2,49.8,15.5,poor,4,26.3,1,3
26.8,98.1,71.7,2.5,medium,11,21.9,0,2
25.5,53.8,260.1,20.3,good,6,19.6,0,3
27.3,68.3,110.8,14.0,good,11,17.4,0,3
24.0,61.3,176.5,23.7,medium,9,22.0,0,3
33.0,59.8,348.1,15.3,good,5,13.2,0,3
28.1,57.0,253.8,20.0,good,9,3.8,0,3
22.6,81.1,204.5,19.2,good,5,2.2,0,3
36.0,89.1,195.4,8.3,medium,10,14.9,1,0
25.7,78.9,273.7,6.2,good,8,18.4,0,2
28.9,57.3,46.3,10.3,medium,1,3.3,0,0
36.1,90.6,232.0,11.2,medium,7,9.3,0,0
30.5,81.8,73.8,5.8,medium,4,10.3,0,2
20.3,69.4,317.2,21.5,medium,5,17.3,0,3
36.8,83.7,310.9,13.0,good,6,9.1,0,3
30.6,63.0,227.9,23.5,medium,5,3.8,0,3
24.7,67.3,74.7,19.4,poor,12,5.8,0,3
20.8,95.9,40.1,13.3,medium,1,6.0,0,3
33.9,64.5,29.0,22.7,poor,12,25.4,1,3
30.4,73.5,198.5,12.1,medium,9,9.2,0,3
28.7,94.5,108.1,21.3,medium,2,21.7,0,2
35.9,85.4,299.0,8.6,good,9,17.5,1,0
33.8,53.1,279.2,9.1,medium,10,29.3,0,0
21.0,57.4,43.6,10.0,medium,2,8.9,0,0
24.2,50.4,224.4,13.1,good,9,5.6,0,3
23.0,81.5,217.1,13.3,medium,6,2.5,1,3
32.9,72.4,75.9,11.9,good,11,8.0,1,0
18.7,56.7,248.5,7.3,medium,9,20.8,0,0
29.4,97.9,209.9,22.3,medium,6,3.5,0,3
33.2,76.5,277.5,14.1,medium,6,8.1,0,3
35.5,62.1,85.7,9.8,poor,11,25.8,0,0
24.8,75.0,61.8,15.6,good,2,17.9,0,3
34.4,84.0,275.2,18.4,good,8,3.0,1,3
20.2,53.8,108.1,23.1,good,3,2.4,0,3
34.9,63.7,331.4,12.0,poor,7,2.8,0,0
20.5,90.3,284.5,2.7,medium,5,28.3,1,1
25.9,73.0,91.5,10.6,medium,3,25.6,0,2
33.9,77.3,74.0,11.5,good,1,25.5,0,0
21.0,71.6,311.5,21.5,medium,8,27.8,0,3
22.6,52.2,53.2,9.5,good,3,15.7,0,0
32.4,58.3,102.8,22.9,medium,2,8.2,0,3
32.4,72.3,72.8,11.6,poor,1,12.6,0,0
30.8,60.5,117.3,23.4,medium,4,21.8,0,3
31.9,52.5,289.4,0.2,medium,8,26.4,1,0
28.9,92.2,78.3,21.6,medium,3,13.6,0,2
23.0,99.1,74.1,22.3,medium,1,16.5,0,3
24.9,89.7,93.1,23.1,medium,4,28.0,0,2
21.6,92.7,283.9,0.3,medium,9,4.1,0,0
36.2,62.1,70.0,4.1,good,1,26.0,0,0
29.7,98.0,82.3,15.7,good,12,5.6,1,2
26.0,59.8,102.4,0.6,medium,11,15.0,1,0
27.2,97.6,45.9,1.5,medium,2,7.3,0,2
36.9,99.7,296.3,5.3,good,9,18.5,1,0
21.1,85.6,93.0,12.3,medium,2,17.2,0,3
29.7,99.1,109.7,13.1,good,3,12.0,0,2
28.1,78.5,224.2,0.8,good,7,26.0,0,2
30.2,63.0,80.1,4.1,medium,3,20.1,1,2
18.4,71.8,270.3,12.0,medium,9,21.9,0,0
35.4,79.7,296.9,14.3,medium,6,5.4,0,3
36.6,53.7,90.7,3.6,medium,3,26.6,1,0
29.3,81.1,198.0,9.6,poor,9,5.8,0,2
31.9,99.1,87.3,21.7,medium,1,7.5,0,2
36.4,59.5,360.2,24.0,good,10,4.7,0,3
32.1,89.6,95.3,23.7,good,3,13.8,0,3
21.1,95.4,121.0,21.2,good,1,26.7,0,3
29.5,97.2,106.1,9.5,poor,2,8.3,0,2
30.1,98.0,114.1,16.5,good,12,11.8,1,2
26.5,76.1,275.5,10.0,good,8,25.5,0,2
32.7,98.9,286.1,15.6,good,7,18.9,0,3
36.7,87.9,86.4,7.4,poor,2,22.8,0,0
36.5,58.1,80.1,14.5,good,2,7.2,1,3
27.0,73.8,297.1,12.6,poor,9,21.8,1,3
20.3,85.9,233.9,0.6,good,6,7.6,0,0
37.7,62.4,354.3,19.0,good,5,29.6,0,3
34.8,82.0,213.6,0.3,good,10,17.2,1,0
20.5,83.3,300.6,7.0,poor,6,21.2,1,1
36.4,58.1,328.9,0.1,poor,9,4.4,0,0
35.4,78.3,75.6,9.0,good,11,8.3,0,0
28.4,88.6,204.4,1.5,good,7,5.1,0,2
29.8,74.9,317.8,21.9,medium,10,12.3,0,3
26.0,50.6,270.2,10.0,good,10,9.2,1,0
19.1,50.5,300.7,11.0,good,9,22.3,0,0
24.7,67.9,77.3,8.4,good,4,4.2,0,2
34.1,96.3,123.3,15.1,good,2,22.8,0,3
18.1,61.4,27.1,18.8,good,12,2.3,0,3
24.7,81.7,278.8,15.6,good,8,6.9,0,2
26.0,61.1,113.5,18.0,good,4,24.0,0,3
28.7,66.1,265.3,21.7,poor,9,22.5,0,3
36.4,92.4,87.6,20.7,good,4,14.8,0,3
24.9,86.4,238.3,16.2,medium,8,2.4,0,2
24.9,54.8,261.0,5.2,good,9,18.7,1,0
32.8,71.4,176.4,15.3,medium,9,12.8,1,3
27.0,51.5,224.1,12.1,good,10,10.2,0,3
22.5,74.0,60.3,17.2,medium,4,19.6,1,3
27.0,83.1,96.7,20.0,good,1,13.7,0,2
20.8,55.9,65.7,17.8,poor,3,3.7,0,3
21.5,64.4,232.9,20.3,good,9,27.6,1,3
28.0,69.9,70.6,1.5,good,4,23.6,0,0
26.4,96.0,222.6,0.8,poor,5,2.6,0,1
36.3,99.7,273.5,6.2,medium,7,16.2,1,1
25.2,52.2,278.9,21.6,good,5,3.4,1,3
29.6,88.1,100.6,19.8,poor,4,25.3,0,2
30.6,68.6,96.3,16.4,good,2,18.8,1,3
18.3,69.6,93.8,16.8,good,2,6.0,0,3
31.3,87.7,71.8,17.4,poor,4,1.6,0,2
21.6,95.9,240.3,22.6,good,10,1.9,0,3
37.2,97.5,216.4,20.0,poor,10,15.7,0,1
21.0,78.9,215.5,15.0,good,9,22.3,0,3
26.3,67.9,269.7,16.0,medium,8,4.5,0,3
19.7,89.4,62.0,5.1,medium,3,7.4,0,0
37.9,62.6,333.4,15.8,poor,9,10.5,0,3
28.0,78.2,258.1,10.2,medium,5,7.3,0,2
29.9,67.9,117.5,3.7,good,11,12.3,0,2
19.3,82.8,94.3,19.4,medium,3,17.2,1,3
33.0,62.0,221.1,12.2,good,5,20.9,0,3
22.2,59.6,256.9,23.5,medium,10,28.9,0,3
36.0,95.9,38.2,6.8,poor,4,28.0,0,0
22.1,55.1,269.5,11.5,medium,8,17.5,1,0
21.8,75.3,62.9,10.8,medium,12,22.3,0,0
18.7,61.0,204.3,2.9,good,5,28.6,0,0
27.4,51.9,336.1,10.2,medium,10,3.4,0,0
29.3,51.8,105.8,6.9,good,12,1.2,0,0
19.3,58.8,310.2,3.8,medium,8,1.9,0,0
33.5,93.3,299.1,6.8,good,9,17.3,0,0
27.1,64.1,49.1,5.6,medium,4,23.1,1,2
28.5,97.5,240.0,17.6,good,7,11.6,0,2
26.8,79.1,71.5,0.7,medium,2,16.8,1,2
26.0,71.8,174.5,14.8,good,6,16.0,1,3
29.2,79.0,232.1,18.3,poor,8,3.7,1,3
21.1,75.8,66.3,11.5,good,12,10.3,1,0
21.6,87.9,266.3,22.4,medium,7,1.6,1,3
35.2,64.1,386.6,17.0,good,7,4.2,0,3
36.9,67.7,259.0,18.0,medium,8,24.5,0,3
25.5,94.7,266.3,4.7,good,7,25.1,0,2
23.4,97.3,247.5,18.7,medium,5,24.3,1,3
30.9,94.6,296.9,20.0,good,7,22.1,0,2
26.2,71.0,206.3,8.7,medium,10,24.0,0,2
18.5,89.0,127.4,5.1,good,3,20.5,0,0
21.1,73.8,253.8,9.2,good,5,20.4,1,0
32.3,74.9,240.2,17.8,medium,7,20.4,1,3
31.2,60.2,308.5,10.0,good,9,15.9,0,0
18.5,79.6,57.7,17.7,good,2,11.5,0,3
22.4,59.3,98.0,2.7,poor,4,22.2,0,0
22.6,66.6,115.1,19.3,poor,12,9.7,0,3
31.4,92.8,247.9,6.1,medium,7,16.7,0,2
18.4,60.4,131.3,6.0,good,1,13.6,0,0
20.1,53.6,96.1,14.2,good,2,9.0,1,3
34.0,53.5,292.8,1.7,medium,9,29.3,0,0
21.6,97.0,328.3,0.6,good,10,8.5,0,0
31.1,75.3,341.5,6.3,poor,7,10.0,0,2
22.8,70.5,86.5,12.9,good,12,5.7,0,3
20.0,90.5,299.8,21.8,poor,10,24.9,0,1
22.9,91.8,329.8,20.3,medium,7,18.0,0,3
32.4,66.6,201.9,11.8,medium,6,18.8,1,0
35.1,84.7,36.8,0.9,good,3,24.8,0,0
34.6,88.6,257.1,12.8,poor,10,10.9,0,1
25.9,82.7,36.2,16.9,good,3,6.6,1,2
31.4,57.6,72.2,8.1,medium,2,6.8,1,0
22.1,93.8,87.9,2.7,poor,11,22.2,0,0
23.9,77.0,246.2,6.7,good,6,18.8,0,0
35.9,64.1,76.5,18.5,medium,4,7.0,1,3
18.3,71.3,209.9,8.4,medium,5,5.2,1,0
19.7,51.9,99.7,19.5,good,3,4.5,1,3
22.2,56.4,206.8,7.7,medium,6,19.2,0,0
18.5,88.3,27.4,3.9,good,11,1.0,0,0
21.6,50.0,74.8,10.5,good,12,1.5,0,0
29.7,70.8,102.9,10.9,medium,3,12.3,0,2
26.4,76.1,264.0,0.4,medium,8,21.0,1,2
35.9,52.7,201.8,2.8,good,9,21.2,1,0
34.3,98.7,82.5,4.4,poor,4,13.5,0,0
24.8,61.3,281.9,2.7,poor,9,21.0,0,0
23.2,65.2,82.3,8.2,medium,12,16.1,0,0
25.6,65.2,246.8,23.2,medium,7,29.3,0,3
29.8,61.5,92.2,12.2,good,3,5.7,0,3
23.4,50.1,173.1,15.1,medium,7,18.4,0,3
30.5,86.5,57.7,8.6,medium,1,15.2,0,2
26.2,98.3,47.4,7.8,good,3,6.6,0,2
29.0,61.2,327.4,0.6,medium,6,22.7,0,0
26.7,83.2,97.8,12.0,good,4,9.0,1,2
23.9,87.1,269.3,11.6,good,7,12.1,0,0
37.0,92.4,43.7,3.8,medium,3,11.9,1,0
33.3,71.1,98.6,18.3,medium,1,8.1,0,3
20.8,65.1,329.3,11.8,medium,9,13.5,0,0
35.4,66.3,288.6,8.1,medium,6,14.7,0,0
27.7,85.6,258.2,3.5,poor,8,22.6,1,1
35.9,90.8,95.8,13.3,medium,3,23.2,0,3
34.0,59.1,273.6,18.1,medium,8,5.6,0,3
26.5,68.5,103.2,6.8,good,2,18.2,0,2
18.4,95.1,102.6,5.3,good,12,27.0,0,0
23.4,90.3,74.5,12.5,good,4,4.2,0,3
28.8,99.2,63.5,3.7,medium,3,14.7,0,2
30.7,87.7,240.0,16.0,medium,10,22.8,0,2
23.2,69.7,93.4,14.5,good,1,18.7,0,3
20.8,79.5,243.0,2.1,good,7,3.9,0,0
34.7,83.1,61.2,0.9,good,11,12.5,0,0
37.7,53.9,260.0,14.9,good,10,15.7,1,3
28.5,77.2,107.7,7.1,poor,2,29.9,0,2
21.4,85.5,83.4,2.1,medium,4,6.2,1,0
23.4,58.4,246.2,18.2,good,9,29.5,0,3
18.4,89.0,276.0,7.5,medium,6,11.9,1,0
36.3,79.2,264.2,11.0,medium,8,6.8,0,0
20.4,97.6,31.7,5.7,medium,2,13.0,0,0
29.5,52.1,294.8,15.1,good,7,18.8,1,3
23.5,63.3,280.4,7.2,medium,6,7.2,1,0
29.1,80.1,260.8,23.2,good,9,9.5,1,2
31.0,64.8,313.1,16.9,poor,7,25.8,1,3
34.6,85.7,110.3,3.3,medium,1,30.0,0,0
22.1,88.0,299.9,10.0,medium,8,10.2,0,0
18.2,55.1,58.7,9.3,good,11,5.3,0,0
20.7,75.7,219.2,12.8,good,10,24.0,1,3
36.0,75.4,107.9,20.2,good,3,18.4,0,3
35.5,68.5,33.1,14.0,poor,2,3.9,1,3
29.9,96.6,76.3,1.5,good,12,28.5,0,2
30.0,91.4,91.0,15.7,good,3,3.3,0,2
31.3,84.9,36.2,0.2,poor,11,19.1,0,2
21.5,85.7,271.7,18.7,medium,6,13.3,0,3
36.3,73.1,103.9,16.0,medium,3,17.1,0,3
26.4,96.0,185.7,7.4,good,10,7.2,0,2
25.7,84.7,342.9,7.0,medium,5,21.0,1,2
28.4,86.4,209.5,19.2,good,6,28.8,0,2
18.9,93.1,288.7,18.8,medium,8,14.3,0,3
21.3,63.7,255.8,8.5,good,7,16.2,1,0
32.8,90.4,81.7,7.2,medium,11,8.0,0,0
19.7,59.8,195.8,13.4,medium,8,26.9,0,3
30.1,67.3,111.5,0.2,medium,3,29.2,0,0
22.9,66.8,88.1,2.0,medium,4,23.8,0,0
25.8,98.9,341.0,3.0,good,6,16.7,0,2
23.8,92.8,48.6,4.4,good,11,28.7,1,0
25.1,85.1,250.9,12.3,medium,7,5.5,0,2
32.4,86.4,270.5,23.8,medium,9,14.9,0,3
23.9,78.1,81.5,15.7,poor,1,16.6,0,3
29.3,97.4,293.3,1.5,medium,8,15.3,0,2
27.5,74.8,250.3,12.6,medium,8,24.3,0,3
31.3,69.0,366.1,11.9,poor,6,20.4,0,0
36.7,58.2,81.0,3.5,good,4,4.7,0,0
32.7,89.3,20.0,22.1,medium,3,11.0,1,3
22.3,86.7,82.1,10.6,good,11,10.8,0,0
18.6,69.2,111.5,23.9,good,3,17.4,0,3
23.2,51.3,213.8,10.1,medium,6,9.5,0,0
29.9,91.9,210.7,14.6,medium,8,4.4,0,2
19.0,50.6,218.0,2.5,medium,7,20.0,1,0
27.9,85.2,53.1,10.9,medium,11,25.7,0,2
29.9,98.5,68.0,5.7,medium,1,28.0,0,2
24.7,71.9,102.7,20.1,good,11,29.2,0,3
33.4,61.7,336.3,18.8,medium,6,23.7,0,3
20.1,85.2,138.8,19.8,medium,7,5.1,0,3
19.5,90.9,70.5,17.4,poor,12,25.7,0,3
32.6,77.3,275.1,20.0,good,7,12.6,1,3
27.9,98.4,270.1,4.8,good,9,22.2,0,2
31.8,52.6,127.5,10.8,medium,11,16.4,0,0
26.7,75.2,29.7,16.6,poor,11,25.0,1,3
22.9,85.9,130.5,15.3,medium,10,13.3,0,3
34.4,93.1,363.1,17.2,medium,5,2.8,0,3
34.0,59.0,98.8,5.4,poor,1,17.1,0,0
31.9,90.0,65.7,2.4,poor,2,6.0,0,2
23.4,77.6,84.3,22.0,medium,4,29.0,1,3
29.8,69.8,272.2,13.4,medium,5,16.3,0,3
25.2,56.6,230.2,3.7,good,9,17.1,1,0
19.8,93.3,83.5,19.0,poor,11,27.3,0,3
36.3,57.9,88.9,22.0,medium,1,19.1,0,3
20.7,65.5,130.4,4.1,poor,3,9.8,0,0
37.0,64.5,308.2,19.6,good,5,9.6,0,3
26.9,93.6,123.5,22.4,medium,3,15.5,0,2
21.7,83.6,46.4,22.5,medium,4,26.1,0,3
28.8,89.8,71.3,21.9,medium,3,24.0,0,2
35.5,62.5,86.1,13.1,good,4,28.9,1,3
32.6,81.2,32.0,8.5,medium,1,3.1,0,0
34.1,78.6,109.5,0.2,medium,12,8.8,0,0
31.2,91.6,292.1,1.5,medium,8,3.3,1,2
31.8,95.3,70.8,10.3,good,4,22.8,0,2
35.0,50.6,250.8,9.6,medium,7,5.1,0,0
23.0,83.7,111.3,4.4,good,2,3.9,0,0
27.8,52.6,60.1,9.5,good,2,17.3,0,0
22.4,77.4,324.7,4.2,medium,6,12.9,0,0
37.8,64.4,73.7,20.4,poor,2,21.7,0,3
36.9,65.3,297.8,7.2,medium,6,15.1,1,0
18.8,67.6,82.2,14.4,medium,11,13.3,0,3
32.1,81.1,135.8,12.1,good,2,13.3,0,3
36.5,66.7,57.8,1.2,medium,4,26.3,0,0
21.6,86.6,231.3,22.6,good,7,12.5,0,3
29.4,70.2,184.7,12.7,poor,8,10.7,1,3
36.3,53.4,52.6,7.8,poor,3,10.8,0,0
18.7,89.2,295.7,3.8,medium,9,6.7,0,0
31.9,64.3,120.0,8.1,medium,2,26.0,0,0
23.9,71.6,301.3,0.5,medium,8,5.3,0,0
36.5,84.3,259.7,8.7,medium,8,27.3,0,0
37.4,66.6,57.7,12.8,good,4,9.2,0,3
36.9,52.8,102.5,20.9,good,1,27.1,0,3
27.5,68.7,56.3,16.5,medium,1,23.9,0,3
35.2,97.2,46.3,2.7,poor,2,17.9,0,0
34.9,82.1,72.3,3.5,good,12,20.4,0,0
24.4,83.6,158.3,10.3,good,9,10.4,0,2
34.6,81.6,45.5,4.7,medium,2,17.7,1,0
18.7,59.9,127.1,0.7,poor,2,9.5,0,0
29.9,70.9,181.7,19.3,good,6,12.7,1,3
22.6,87.5,200.6,0.5,good,7,23.2,0,0
20.4,55.1,263.6,19.9,medium,7,8.1,1,3
19.5,63.9,266.2,3.5,medium,9,25.3,0,0
31.9,63.8,248.3,23.4,good,6,11.9,0,3
24.8,71.6,159.8,14.5,good,8,16.4,0,3
32.5,99.0,101.2,17.6,medium,11,28.3,0,3
19.3,53.4,237.8,2.7,medium,6,20.8,0,0
24.3,75.9,110.5,20.7,poor,2,19.7,0,3
28.8,59.0,63.9,20.1,medium,1,21.6,0,3
33.8,98.5,309.1,15.7,good,5,27.6,0,3
24.4,55.7,324.8,12.1,medium,9,8.2,0,3
30.5,70.2,236.7,17.3,medium,8,18.8,0,3
35.7,86.9,102.0,0.1,good,4,12.6,0,0
30.3,85.2,193.6,14.2,poor,5,1.3,0,2
22.7,71.1,273.2,20.3,poor,5,4.6,0,3
18.5,67.3,321.1,8.6,good,6,10.4,0,0
35.4,69.9,93.0,2.6,good,3,17.4,0,0
18.4,63.2,380.3,10.1,good,5,26.6,0,0
35.5,60.3,94.4,17.5,good,2,23.9,1,3
28.6,74.2,241.7,2.6,medium,10,17.0,0,2
36.8,63.4,151.0,4.9,medium,1,3.1,1,0
34.0,64.4,120.8,3.5,poor,11,9.3,0,0
38.0,82.8,39.9,19.1,good,1,11.6,1,3
25.0,98.4,220.8,1.5,medium,10,19.0,1,2
33.3,80.2,208.1,16.5,poor,7,2.9,0,3
26.0,53.8,96.1,8.8,medium,2,16.4,0,0
27.6,53.8,94.3,18.1,good,4,27.1,0,3
30.6,97.6,288.2,23.1,good,5,21.5,0,2
35.5,64.9,178.5,2.7,good,7,24.1,1,0
37.7,54.6,64.0,7.5,poor,2,20.8,1,0
33.4,80.0,252.5,19.4,poor,6,7.0,0,3
26.4,81.2,34.5,6.4,poor,1,4.2,1,2
26.4,82.4,216.4,5.2,poor,7,25.1,1,2
32.8,63.4,327.8,19.8,good,9,21.2,0,3
22.8,50.8,182.3,23.7,poor,5,17.7,0,3
20.2,98.3,332.8,13.4,poor,5,6.5,0,1
25.1,62.5,107.3,6.7,good,4,18.5,0,0
23.7,83.8,72.7,9.6,good,3,1.9,0,0
23.9,85.3,227.6,4.1,medium,9,4.4,0,0
22.7,80.5,301.6,18.3,good,5,10.0,0,3
18.8,65.6,220.6,18.6,good,8,13.9,0,3
18.4,63.6,223.1,21.0,poor,9,4.5,1,3
37.8,79.9,258.8,0.6,poor,5,4.5,0,0
26.6,93.3,153.5,13.5,good,10,22.1,0,2
25.7,97.3,187.5,5.1,medium,9,17.5,1,2
31.6,55.3,72.1,8.2,poor,2,16.5,0,0
22.4,57.7,283.8,18.8,medium,9,14.1,0,3
37.0,97.2,60.0,4.6,good,11,29.3,0,0
33.7,86.8,75.1,15.3,medium,4,2.4,0,3
19.8,94.1,179.3,15.7,poor,6,6.2,1,3
26.4,60.1,306.6,22.9,poor,6,19.8,0,3
35.6,79.4,271.0,18.6,good,6,5.0,0,3
36.9,85.1,87.7,19.3,good,2,18.1,0,3
27.3,84.0,284.4,12.8,poor,7,17.5,1,2
30.3,70.4,263.9,4.5,good,6,29.2,0,2
21.3,50.8,67.9,10.2,medium,11,26.6,1,0
37.8,79.1,108.2,13.2,good,1,28.4,0,3
22.6,62.7,83.9,16.3,good,2,4.3,1,3
36.9,72.5,251.7,14.6,medium,7,26.2,1,3
31.0,97.9,79.8,9.5,good,1,4.7,0,2
30.2,70.0,79.3,6.4,poor,1,19.4,0,0
28.3,92.0,75.6,4.0,good,1,21.9,1,2
22.6,59.4,282.3,16.7,poor,8,5.7,0,3
21.5,83.6,56.6,15.5,poor,4,19.3,1,3
22.4,98.9,58.4,16.5,good,4,2.5,0,3
21.7,55.1,94.0,8.9,medium,2,9.5,0,0
33.6,50.4,76.4,6.3,good,11,27.7,0,0
25.0,71.7,104.3,18.2,medium,11,6.0,0,3
19.2,54.6,90.2,18.6,medium,11,2.9,0,3
37.4,87.4,66.2,10.9,good,1,13.9,0,0
35.7,95.7,94.4,14.7,medium,12,25.7,0,3
36.6,71.7,319.9,9.0,medium,10,3.2,1,0
37.9,62.9,282.3,16.8,poor,9,11.3,0,3
21.5,71.7,293.3,20.1,good,7,27.1,0,3
25.9,86.2,75.7,16.5,medium,4,4.4,1,2
33.2,50.5,104.8,12.3,good,12,10.0,0,3
31.9,79.5,231.0,11.0,poor,6,23.6,0,2
21.1,80.7,88.5,15.4,good,2,16.8,0,3
34.3,81.9,388.5,16.3,medium,7,25.1,0,3
22.5,62.1,93.5,13.4,good,2,4.2,0,3
22.5,85.7,239.0,15.0,medium,10,27.7,0,3
28.7,54.6,238.8,2.3,poor,8,28.1,1,0
29.9,60.0,256.4,22.8,medium,8,5.5,0,3
29.6,93.9,101.3,19.0,medium,1,2.0,0,2
19.8,86.9,267.3,9.0,medium,8,29.7,1,0
35.5,50.7,63.8,13.5,poor,2,15.0,0,3
23.3,62.4,227.5,1.1,medium,6,17.6,0,0
20.6,60.7,83.8,1.0,poor,1,18.9,1,0
35.8,63.5,262.1,6.0,medium,5,23.9,0,0
37.1,62.4,91.4,16.6,medium,11,24.5,1,3
35.2,53.1,305.9,20.5,good,7,6.6,0,3
34.2,72.9,396.4,13.4,medium,10,7.9,0,3
31.1,86.6,43.4,12.8,good,1,26.4,0,2
29.0,80.3,97.2,9.7,poor,2,24.8,0,2
19.7,83.6,264.9,3.9,medium,7,18.9,0,0
26.2,54.1,167.8,2.8,poor,6,29.8,1,0
25.5,97.6,111.2,18.3,good,3,22.3,1,2
23.2,91.9,281.1,22.3,good,10,7.3,0,3
32.5,90.3,100.0,11.0,poor,2,25.6,1,0
27.9,91.1,175.0,15.8,good,10,13.0,0,2
19.6,96.6,74.5,21.9,medium,4,2.0,0,3
22.4,77.2,53.0,2.2,poor,3,10.3,0,0
31.7,60.0,368.2,18.5,medium,7,23.1,0,3
19.5,80.8,317.2,14.8,good,8,28.8,1,3
35.0,87.1,63.0,14.4,poor,2,9.0,0,3
27.9,86.9,183.2,7.0,good,10,8.1,1,2
27.6,76.1,269.7,16.4,poor,7,17.3,0,3
29.8,53.4,314.6,19.1,good,8,24.5,0,3
34.5,68.6,173.2,2.7,medium,6,22.6,0,0
25.0,96.0,213.4,12.8,good,6,17.2,1,2
31.6,79.2,204.7,2.4,medium,10,19.3,0,2
29.3,76.9,101.7,20.9,good,1,8.0,0,3
23.3,63.4,70.8,12.2,poor,4,13.5,0,3
35.6,68.4,71.8,19.4,medium,1,8.4,0,3
33.9,94.8,84.4,8.8,good,4,26.6,0,0
31.2,83.3,58.0,3.0,medium,2,4.3,0,2
35.0,89.4,43.9,1.0,medium,11,20.7,1,0
35.3,72.7,328.5,6.8,good,5,8.5,0,0
32.2,81.5,333.1,5.9,good,10,14.8,0,0
34.7,62.4,269.0,13.4,medium,9,9.7,0,3
31.9,85.3,86.3,0.5,good,11,10.4,0,2
31.6,71.4,111.5,12.5,good,12,8.6,1,3
30.4,72.1,267.8,9.4,good,10,22.8,0,0
33.1,82.5,69.5,13.9,medium,3,11.6,0,3
21.2,96.8,262.0,16.9,medium,8,22.1,0,3
35.6,53.2,114.8,15.2,good,3,14.2,1,3
35.4,91.2,262.7,23.6,poor,6,16.9,1,1
18.6,64.6,63.3,3.3,poor,4,16.8,0,0
34.5,72.2,267.4,10.3,good,8,29.3,0,0
20.6,51.1,96.4,10.2,good,11,11.6,0,0
24.7,65.1,286.8,10.0,poor,6,7.0,0,2
32.9,75.1,287.6,15.9,medium,8,27.4,0,3
21.2,52.8,59.3,11.8,good,1,6.1,0,0
34.4,74.6,298.5,12.4,medium,6,25.2,0,3
34.6,96.4,80.7,10.4,medium,1,5.4,0,0
28.1,55.3,62.2,23.8,good,1,20.1,1,3
18.1,88.2,298.1,22.3,medium,8,5.4,0,3
23.7,70.5,237.3,7.4,medium,7,27.8,0,0
30.3,82.8,40.6,2.7,medium,3,17.4,0,2
37.6,63.0,210.0,20.2,poor,6,10.5,0,3
30.6,58.0,250.9,23.9,good,9,5.1,0,3
23.2,58.0,288.9,7.0,medium,7,11.8,0,0
30.7,53.5,58.4,8.6,medium,12,21.4,0,0
28.8,59.3,74.0,22.6,medium,3,12.2,0,3
33.6,83.2,199.2,17.1,good,6,8.1,1,3
20.1,94.1,104.6,7.1,good,11,17.7,0,0
33.2,90.7,122.9,13.9,good,4,13.1,0,3
28.8,84.3,120.2,22.7,good,3,5.8,0,2
37.3,55.5,308.2,19.5,good,9,5.5,0,3
24.8,64.5,303.1,17.8,medium,10,21.5,0,3
30.7,65.5,28.2,17.7,good,2,29.3,0,3
36.6,62.5,84.4,4.3,medium,1,7.8,1,0
20.1,75.8,67.6,19.8,good,2,23.4,1,3
36.7,76.8,304.0,6.6,good,7,3.5,0,0
31.8,67.8,133.1,22.3,good,10,12.1,0,3
19.4,67.7,84.8,8.8,good,1,15.7,0,0
24.0,91.4,249.3,20.6,medium,6,8.8,0,2
32.2,89.5,315.9,6.4,good,7,16.4,0,0
19.3,65.4,337.4,12.3,poor,9,26.6,0,3
29.6,95.7,213.6,2.6,poor,8,28.4,0,1
24.9,97.6,215.8,15.8,medium,6,3.9,0,2
30.4,66.3,85.8,20.1,medium,3,8.9,0,3
18.9,67.7,346.7,17.2,good,8,29.4,0,3
35.4,75.3,263.0,12.6,medium,7,8.8,0,3
37.5,97.1,48.0,1.1,medium,3,21.1,1,0
37.4,93.8,229.7,22.4,good,9,8.4,0,3
33.0,55.1,85.1,16.9,good,12,11.3,1,3
20.6,69.6,86.0,17.9,good,2,6.5,0,3
33.2,77.7,62.4,19.1,medium,3,25.8,1,3
18.5,75.2,64.4,17.9,medium,2,26.6,0,3
18.4,59.7,55.5,10.6,good,1,9.6,1,0
24.5,92.9,108.5,17.6,medium,4,24.9,0,2
27.8,83.8,218.3,15.0,medium,5,11.4,0,2
33.4,91.9,236.8,20.5,medium,6,3.9,0,3
31.7,92.9,235.3,19.3,good,5,23.0,0,2
26.9,87.4,39.9,1.0,medium,1,18.3,0,2
23.5,72.0,58.4,9.1,medium,3,9.0,0,0
37.9,80.5,110.7,0.8,medium,1,8.3,0,0
26.5,58.0,49.8,2.4,medium,11,29.3,0,0
27.0,83.7,211.8,14.4,medium,5,26.0,0,2
21.3,59.0,193.4,21.0,good,5,24.5,0,3
33.9,84.7,77.7,2.9,medium,12,4.7,0,0
31.9,61.5,127.1,10.8,poor,11,22.9,1,0
22.4,55.9,253.4,21.9,medium,6,7.2,1,3
19.6,58.3,263.3,19.5,good,8,29.3,1,3
31.6,50.1,220.2,12.5,good,10,2.5,1,3
31.1,85.9,78.5,18.5,poor,12,11.2,0,2
23.5,86.6,110.7,12.5,good,1,13.4,1,3
37.0,75.7,83.6,3.8,good,4,24.9,0,0
21.0,58.1,366.6,3.0,good,10,23.2,0,0
26.6,54.2,111.5,4.5,poor,11,11.9,1,0
36.9,51.0,77.8,8.4,good,1,17.4,0,0
26.4,58.3,254.7,22.3,medium,9,25.2,0,3
30.8,94.5,120.8,19.2,medium,11,1.5,0,2
26.0,62.1,266.9,10.4,good,7,24.3,0,0
23.5,67.7,330.4,11.8,poor,7,28.5,0,0
37.7,55.3,130.1,6.4,medium,12,1.9,0,0
26.2,61.1,249.8,16.9,medium,5,2.3,0,3
35.9,76.0,277.6,19.3,poor,7,11.0,0,3
22.6,80.4,104.5,5.7,poor,12,3.5,0,0
22.3,62.3,99.2,1.0,medium,2,14.9,0,0
18.6,52.9,99.0,15.0,good,4,22.1,1,3
31.0,69.6,193.3,13.5,poor,7,17.4,0,3
25.4,61.7,58.8,9.7,medium,3,6.7,1,0
35.3,61.0,67.6,15.5,poor,2,20.0,0,3
27.5,98.0,320.7,13.2,poor,10,20.9,0,1
37.4,80.8,49.1,6.0,good,2,28.0,0,0
21.7,77.8,118.1,9.5,poor,1,5.3,0,0
35.4,70.8,299.0,10.3,good,5,21.1,0,0
33.5,71.4,108.9,21.1,medium,12,27.4,0,3
33.4,77.0,213.5,23.1,good,6,15.5,0,3
34.9,84.8,263.6,21.4,poor,6,11.5,0,3
33.2,85.1,274.9,17.3,medium,9,6.0,0,3
30.5,58.6,86.4,14.0,medium,4,26.1,1,3
20.6,75.0,87.4,16.5,poor,1,12.4,0,3
18.7,70.6,246.2,22.5,medium,6,27.8,0,3
36.4,93.5,266.8,6.0,medium,5,25.6,0,0
30.3,81.6,311.7,12.8,poor,10,11.9,0,2
33.9,76.6,201.7,16.6,medium,6,17.6,1,3
27.6,55.8,118.7,16.3,poor,3,1.8,1,3
20.3,80.3,104.5,6.1,poor,2,8.6,0,0
20.5,55.9,211.7,14.1,good,6,21.6,0,3
31.7,66.9,89.6,19.1,medium,1,20.7,0,3
26.6,57.1,305.1,11.4,good,7,11.2,0,0
22.0,84.6,198.2,19.0,medium,7,24.4,0,3
27.8,60.3,262.1,8.6,good,10,7.8,1,0
19.3,69.6,256.1,22.5,medium,7,14.4,1,3
29.6,94.8,63.9,12.8,good,12,14.7,0,2
23.4,60.2,82.3,14.3,good,11,10.9,0,3
34.0,75.4,230.0,0.8,good,10,28.7,1,0
24.2,71.0,114.4,4.1,good,1,21.2,0,2
27.1,50.9,64.3,15.2,medium,4,16.6,0,3
18.2,89.6,299.6,10.1,good,7,15.8,0,0
19.4,53.5,38.6,12.2,good,11,5.6,0,3
25.8,73.7,251.9,1.5,good,9,11.8,0,0
27.6,78.0,260.6,20.0,medium,5,20.5,0,3
30.0,81.4,75.1,18.8,poor,2,27.8,0,2
23.8,84.4,240.2,4.4,good,7,24.7,0,0
31.9,62.7,226.6,15.2,medium,10,9.7,0,3
35.2,50.5,98.9,19.6,medium,1,13.6,0,3
33.6,86.2,310.0,15.4,good,7,3.4,0,3
18.8,76.8,255.9,7.4,medium,6,4.0,0,0
27.6,91.8,205.2,15.7,good,7,14.6,0,2
20.1,91.1,349.7,5.1,medium,10,16.4,0,0
22.8,92.2,58.0,7.6,good,3,8.7,0,0
37.7,74.3,43.5,5.8,poor,3,19.6,1,0
20.8,66.7,159.4,13.4,good,7,21.4,0,3
28.0,89.6,82.5,2.6,medium,2,9.7,0,2
30.4,72.6,74.6,22.4,poor,1,23.0,0,3
32.0,59.2,311.5,8.0,good,9,7.0,0,0
29.2,92.7,290.6,5.3,medium,9,16.8,0,2
18.2,94.1,274.5,11.9,good,7,24.3,0,0
24.5,73.3,246.4,6.6,medium,7,16.6,1,2
28.4,53.8,107.7,12.8,good,3,27.3,0,3
19.8,69.4,353.4,8.4,good,10,2.7,1,0
25.0,90.2,105.2,3.2,medium,2,18.1,0,2
18.7,95.1,68.4,6.4,medium,11,17.3,0,0
19.6,60.2,299.1,10.5,medium,7,20.2,1,0
25.9,53.3,239.9,0.7,good,9,25.2,0,0
20.7,93.9,52.4,18.5,good,1,22.0,1,3
29.4,69.5,57.5,14.9,medium,4,23.9,1,3
31.8,77.1,242.1,14.4,medium,6,9.4,1,3
34.0,98.4,265.2,13.1,good,7,12.2,0,3
22.0,53.3,363.0,14.2,good,10,19.2,0,3
21.3,82.4,215.9,22.4,good,7,17.1,1,3
20.1,53.7,326.2,0.2,good,10,28.9,0,0
30.7,68.8,72.1,1.1,good,2,6.4,0,0
32.1,90.2,29.6,4.6,good,4,11.2,0,0
18.6,71.7,234.7,4.0,medium,5,17.6,0,0
36.7,99.9,109.4,4.3,medium,12,26.2,0,0
19.0,78.0,88.6,16.1,good,1,28.0,0,3
28.8,66.1,90.1,11.0,good,1,10.7,0,2
32.2,61.0,326.4,23.8,good,10,2.9,0,3
35.4,67.5,54.1,5.4,medium,3,13.2,0,0
32.3,68.6,207.4,7.5,poor,10,12.4,1,0
34.0,53.4,23.4,23.6,medium,3,29.6,0,3
24.8,68.5,101.9,20.0,medium,12,13.5,0,3
34.3,73.2,288.1,11.3,poor,8,9.9,0,0
19.6,86.1,296.2,13.3,good,9,11.6,0,3
35.9,82.8,50.4,20.2,good,11,12.5,0,3
29.0,85.4,39.9,11.5,medium,12,24.8,1,2
34.3,50.4,47.0,4.9,good,1,3.3,1,0
27.0,60.9,56.9,19.9,medium,11,10.2,1,3
30.9,83.1,118.8,12.9,medium,2,29.0,0,2
28.5,74.2,310.0,3.7,medium,10,5.4,0,2
32.6,50.3,68.5,12.1,good,2,22.5,0,3
19.6,90.2,87.5,9.9,medium,4,11.3,0,0
19.2,88.6,63.0,21.0,medium,2,17.9,0,3
22.9,77.4,278.2,3.0,poor,7,3.9,0,0
21.2,53.3,203.1,21.0,medium,9,9.9,0,3
35.4,88.3,297.5,12.3,poor,7,15.5,0,1
22.4,79.2,58.8,9.7,good,12,7.7,0,0
37.5,89.1,300.3,3.9,medium,6,16.7,0,0
24.7,87.6,238.6,16.8,good,10,7.4,1,2
21.6,90.2,60.2,22.2,good,1,19.9,0,3
33.8,75.9,120.3,9.0,poor,11,27.2,0,0
31.2,57.0,268.8,5.8,poor,10,3.5,0,0
28.0,83.6,243.9,13.3,good,9,7.3,1,2
29.1,81.0,297.9,19.1,good,5,25.5,0,2
32.4,87.1,46.5,0.1,good,11,19.3,1,0
22.6,58.5,315.3,15.2,poor,5,3.3,0,3
37.9,59.7,253.0,14.3,good,6,15.1,1,3
37.5,94.5,290.0,7.6,good,9,7.1,0,0
31.0,87.5,182.6,10.8,good,8,6.8,0,2
22.0,95.4,240.9,5.9,medium,8,28.3,0,0
31.6,87.9,260.2,19.0,poor,8,23.1,0,1
19.4,79.9,105.8,15.2,good,1,21.2,1,3
18.6,82.7,97.0,12.8,medium,1,7.9,0,3
23.2,94.5,240.4,9.4,good,8,4.4,0,0
27.3,78.9,275.9,7.0,medium,5,26.3,1,2
35.4,81.6,322.8,19.7,medium,9,1.2,0,3
32.5,57.8,75.0,10.8,good,2,12.3,1,0
32.9,73.7,244.6,12.0,good,9,9.1,0,0
26.5,85.8,32.8,12.5,poor,12,17.5,1,2
24.9,63.5,246.0,10.8,good,8,8.3,0,2
25.4,60.1,173.0,6.1,medium,9,10.0,0,0
37.8,65.7,77.1,2.9,good,4,25.7,0,0
18.8,62.1,104.7,2.4,good,1,18.5,0,0
35.3,60.7,27.0,18.2,medium,1,5.2,0,3
29.6,71.2,321.7,5.4,poor,5,22.1,0,2
26.8,95.4,71.7,1.3,medium,2,7.0,1,2
32.5,75.4,258.6,19.1,good,8,13.6,1,3
27.7,59.4,234.9,3.7,medium,10,19.8,1,0
35.5,53.8,37.2,15.0,medium,11,8.9,1,3
36.0,84.8,220.9,8.1,medium,5,12.1,1,0
26.4,69.1,364.9,3.0,medium,5,22.3,1,2
23.5,91.1,52.6,9.9,good,2,28.2,1,0
29.8,83.0,180.6,0.4,medium,7,16.3,0,2
36.2,89.8,267.1,20.2,medium,8,1.3,1,3
22.2,63.6,255.7,12.3,good,10,10.8,1,3
30.5,84.6,71.9,3.3,medium,1,12.6,0,2
30.6,63.2,80.4,5.7,good,2,10.8,0,2
32.7,97.0,292.2,10.8,good,10,13.7,0,0
20.6,81.8,65.3,4.5,poor,4,19.3,1,0
32.3,66.2,269.7,6.4,good,5,4.5,1,0
36.2,63.5,105.6,12.8,good,2,8.9,0,3
21.6,59.5,55.1,20.0,medium,1,15.7,0,3
22.8,84.7,143.9,9.6,poor,9,10.2,0,0
37.4,60.9,96.8,17.2,poor,1,29.7,0,3
21.6,79.8,142.6,21.0,medium,4,13.5,0,3
35.1,63.2,79.8,5.2,good,2,26.2,0,0
27.8,83.1,85.0,19.4,poor,11,27.0,1,2
22.9,90.7,72.6,18.2,medium,4,25.2,0,3
35.4,88.9,339.4,8.6,good,8,2.4,0,0
26.9,88.0,256.1,23.7,poor,8,28.5,1,1
28.3,59.4,75.3,6.3,good,11,4.7,0,0
25.2,54.4,102.8,6.1,good,12,2.0,0,0
29.9,84.9,235.8,18.5,poor,9,13.0,0,2
21.3,68.4,47.9,10.4,medium,11,6.6,0,0
25.8,71.6,102.1,7.9,good,12,6.3,1,2
37.4,51.6,230.4,4.3,good,5,9.3,1,0
23.2,63.0,211.2,18.4,medium,7,8.2,0,3
31.1,51.7,132.5,18.9,good,3,20.9,0,3
24.5,94.0,251.1,13.6,good,10,6.4,0,2
33.5,62.2,92.4,23.0,medium,4,16.8,0,3
20.6,77.9,261.5,7.6,poor,10,29.6,1,0
37.4,51.9,215.7,5.3,medium,9,13.5,0,0
27.1,83.3,294.5,16.3,medium,10,19.6,0,2
22.7,66.2,275.7,18.2,medium,10,29.1,1,3
19.5,94.9,63.5,5.4,medium,12,5.0,1,0
21.4,94.4,90.8,1.8,good,1,13.1,0,0
28.4,66.3,67.1,19.5,poor,2,25.7,1,3
24.7,95.0,204.8,23.4,medium,5,28.0,0,2
34.6,99.8,49.9,15.5,good,3,18.4,0,3
26.6,91.3,86.8,6.7,good,2,5.2,0,2
23.0,92.2,70.4,23.9,medium,1,27.1,0,3
30.3,62.5,335.1,21.4,good,10,6.1,0,3
32.1,78.8,78.9,12.3,good,3,11.2,0,3
21.3,53.4,60.4,19.8,medium,1,11.9,0,3
21.4,54.7,83.9,19.6,poor,12,14.0,0,3
18.7,99.9,47.6,22.4,medium,1,23.9,0,3
32.7,66.3,77.9,20.2,good,12,24.3,0,3
31.3,87.4,88.0,15.4,good,1,21.9,0,2
27.5,90.3,269.8,14.6,medium,8,1.6,0,2
34.9,92.9,112.6,11.2,good,3,17.4,0,0
34.1,99.9,144.9,15.0,medium,11,22.7,1,3
29.7,62.1,96.8,19.1,good,1,13.9,0,3
35.4,52.0,318.9,23.3,poor,7,28.4,0,3
22.1,70.6,387.2,11.2,medium,10,24.9,0,0
20.2,56.5,54.8,13.8,good,3,19.5,1,3
23.4,51.1,266.5,10.7,poor,8,2.8,1,0
19.1,68.0,68.1,16.0,good,4,19.9,0,3
28.6,89.2,101.1,15.1,good,4,27.4,0,2
36.7,78.3,273.6,0.4,poor,5,12.0,0,0
18.8,65.6,219.1,13.0,good,6,25.3,1,3
20.4,82.7,260.5,2.1,medium,7,10.1,0,0
27.0,61.6,106.2,0.6,good,4,17.5,1,0
36.7,50.7,194.8,19.0,good,8,19.8,0,3
24.3,88.2,220.1,6.2,good,6,20.7,0,2
28.1,81.2,56.3,8.2,medium,1,26.6,1,2
18.8,88.1,88.2,1.5,medium,1,7.8,1,0
21.0,51.9,322.0,4.3,good,9,8.6,0,0
37.7,91.9,159.5,18.4,good,10,21.4,0,3
37.3,81.0,264.7,11.8,poor,6,6.1,0,0
18.1,78.2,213.8,21.1,poor,10,14.5,0,3
37.0,81.2,310.3,9.5,medium,8,1.6,0,0
30.8,93.2,248.2,6.4,poor,7,5.1,0,1
35.4,79.3,83.3,8.3,medium,12,20.7,0,0
27.1,79.0,259.9,17.1,good,6,22.7,0,3
28.3,99.5,108.1,13.3,good,4,4.3,0,2
27.8,87.8,362.4,21.7,good,7,7.6,0,2
31.3,72.1,203.3,14.5,poor,9,3.9,0,3
20.8,85.4,56.2,11.8,medium,11,13.6,0,0
18.6,69.5,276.1,18.9,medium,10,4.7,0,3
24.2,61.4,219.2,22.7,good,10,13.7,0,3
32.1,79.8,306.7,8.5,medium,7,22.2,0,0
22.0,96.4,107.4,6.0,medium,1,20.8,0,0
31.5,96.5,232.7,14.8,poor,10,9.1,0,1
37.4,67.1,221.8,12.0,good,9,20.5,0,0
19.9,76.4,73.1,23.7,medium,4,27.9,0,3
31.5,60.6,82.6,11.1,good,3,11.1,1,0
26.9,99.8,87.9,1.8,medium,4,10.5,1,2
35.4,99.1,23.7,23.5,medium,4,17.6,0,3
21.5,82.5,211.6,20.2,good,10,8.1,0,3
31.9,90.2,69.9,4.3,medium,11,19.9,0,2
34.8,85.8,60.1,21.7,good,2,25.1,0,3
36.9,79.7,20.0,8.2,poor,12,14.3,0,0
31.7,52.7,32.8,9.1,good,1,20.7,0,0
27.9,72.7,47.4,21.8,medium,12,19.9,0,3
30.4,83.7,254.2,12.7,poor,10,2.1,1,2
35.4,83.9,69.1,3.3,good,12,6.3,0,0
29.4,68.7,64.2,8.9,medium,1,26.9,0,2
18.6,97.1,299.8,17.3,medium,8,28.2,1,3
36.6,58.4,99.9,4.2,good,2,23.6,0,0
31.8,75.0,83.7,14.2,medium,12,27.7,0,3
31.5,84.5,266.0,16.7,medium,10,9.9,0,2
22.3,84.9,217.2,8.3,poor,5,8.2,0,0
31.2,82.4,61.6,16.7,poor,12,12.1,0,2
25.9,63.8,37.3,21.2,medium,4,2.6,0,3
31.0,57.8,247.5,11.3,medium,8,24.5,0,0
20.1,81.8,99.6,9.2,poor,2,29.5,0,0
31.2,80.0,327.7,6.0,medium,10,24.9,1,2
38.0,59.0,247.8,14.5,good,9,17.1,0,3
19.0,85.3,284.6,21.1,medium,7,9.6,0,3
37.5,72.8,117.2,7.8,poor,7,6.7,1,0
26.1,83.4,69.2,9.5,medium,1,11.6,0,2
35.4,91.9,68.6,9.8,medium,12,20.3,0,0
33.6,58.5,117.3,13.5,good,2,14.0,0,3
29.3,51.0,89.8,5.5,poor,4,28.1,0,0
32.8,89.0,92.4,19.7,medium,4,25.8,0,3
35.6,80.5,91.1,7.1,medium,11,4.0,0,0
26.1,85.0,81.1,16.9,good,3,4.8,1,2
24.5,91.9,336.6,12.3,good,7,20.6,0,2
31.4,90.1,22.4,14.1,medium,12,7.7,0,2
34.2,98.0,267.3,4.3,poor,8,23.9,0,1
33.2,76.8,108.2,17.6,good,2,18.1,0,3
34.0,74.4,32.7,4.5,good,4,7.7,0,0
26.7,70.1,100.9,2.7,good,3,14.9,0,2
34.4,57.7,61.0,13.1,good,2,12.8,0,3
20.4,78.6,82.7,17.0,good,12,26.3,0,3
28.9,63.9,221.0,1.2,medium,6,1.9,1,0
18.1,96.1,104.0,1.7,poor,4,27.0,1,0
24.5,79.2,245.6,19.3,good,6,19.9,0,3
25.3,79.6,101.1,19.4,medium,2,22.4,0,3
25.9,67.7,90.9,5.9,good,12,1.1,0,0
31.9,52.6,60.2,14.8,good,4,19.2,1,3
25.8,51.6,92.5,10.6,good,11,18.1,0,0
27.0,71.2,226.8,15.2,medium,6,16.6,0,3
22.8,54.2,263.2,20.7,good,5,23.8,1,3
25.5,80.3,72.3,1.9,medium,3,17.1,0,2
22.5,94.0,305.0,18.7,good,8,25.9,1,3
19.5,94.1,287.0,11.8,good,7,7.7,0,0
30.1,83.0,79.2,13.5,good,3,24.4,0,2
31.4,60.6,225.7,15.7,poor,6,6.2,0,3
30.4,93.1,48.3,22.1,medium,4,24.6,1,2
27.3,94.3,83.4,1.4,poor,11,28.3,0,2
25.6,59.8,228.4,0.7,good,5,10.7,0,0
35.3,86.9,33.1,4.3,good,11,16.4,0,0
28.4,64.3,193.5,23.7,good,5,20.1,1,3
27.6,90.1,341.3,17.2,good,7,3.3,0,2
18.5,99.9,63.5,14.8,medium,11,15.3,0,3
24.8,51.5,314.1,1.1,good,5,11.5,1,0
25.6,94.9,71.1,21.1,good,11,26.3,1,2
26.0,81.1,111.0,19.5,medium,3,26.4,0,2
29.6,98.7,318.4,16.0,medium,10,21.3,0,2
28.7,73.3,218.7,8.1,poor,5,20.0,0,0
30.2,92.4,160.6,1.7,good,7,22.3,0,2
33.3,53.1,164.8,13.9,medium,5,11.6,0,3
34.3,66.8,219.6,17.3,good,5,12.7,0,3
32.4,53.4,354.5,2.3,poor,9,17.1,0,0
37.1,98.8,69.7,15.2,medium,3,28.2,0,3
18.4,90.8,267.3,6.9,medium,6,22.0,0,0
21.9,92.6,112.6,18.3,good,1,17.0,0,3
18.2,96.9,265.5,13.0,medium,10,23.3,0,3
30.9,54.3,263.8,3.1,good,5,11.8,1,0
36.0,69.3,291.1,12.6,medium,8,22.2,0,3
22.9,53.6,274.4,9.5,poor,5,12.9,0,0
36.5,60.5,255.0,4.3,poor,9,9.1,0,0
19.2,61.5,62.0,20.2,medium,11,18.7,0,3
36.7,73.5,263.9,0.3,poor,6,20.9,1,0
25.0,63.4,314.7,7.5,good,8,14.3,0,0
20.0,55.0,349.1,0.3,poor,10,17.4,0,0
27.7,58.4,274.6,2.3,medium,8,21.1,0,0
23.1,57.4,98.9,7.1,medium,3,23.3,1,0
23.7,98.7,273.5,1.3,poor,7,27.0,0,1
24.1,88.0,255.6,14.3,poor,7,11.3,0,1
34.1,98.4,285.7,2.1,good,10,28.6,0,0
28.8,72.0,109.7,16.8,medium,12,19.5,0,3
24.2,63.9,215.7,1.3,good,6,23.8,0,2
30.2,89.9,43.7,1.4,poor,12,21.3,0,2
32.3,66.3,233.3,7.3,medium,7,7.0,0,0
23.5,65.0,85.3,21.5,good,2,3.1,0,3
26.3,61.6,303.5,15.4,medium,9,22.1,0,3
20.4,56.5,210.5,18.5,medium,10,15.8,0,3
21.6,62.8,135.6,3.4,medium,10,21.4,0,0
31.6,67.8,67.3,20.0,good,1,14.8,0,3
21.6,83.7,75.2,0.2,good,1,10.1,0,0
28.5,53.1,50.9,5.1,medium,3,9.3,1,0
32.2,60.5,61.1,14.8,good,3,22.2,0,3
20.1,90.5,101.7,9.0,medium,1,9.0,0,0
29.3,57.3,82.0,23.6,medium,12,21.7,0,3
23.1,67.1,277.3,0.7,good,7,12.1,0,0
37.3,93.2,71.1,24.0,medium,4,23.4,0,3
27.7,57.7,222.3,15.0,medium,10,5.1,0,3
34.1,54.1,70.9,13.4,medium,2,6.9,0,3
29.0,74.2,284.9,1.4,good,10,20.9,1,2
18.9,65.1,185.4,6.6,medium,5,17.2,0,0
30.7,78.2,342.5,22.2,good,6,6.9,0,3
37.0,90.2,288.7,8.5,poor,9,27.2,1,1
30.0,56.9,66.6,15.9,good,4,9.0,0,3
34.4,79.0,100.3,24.0,poor,2,13.2,1,3
35.7,75.3,321.1,6.3,medium,5,6.9,0,0
22.6,57.2,71.7,13.8,poor,3,12.3,0,3
22.2,81.2,74.6,16.7,medium,2,15.3,0,3
30.2,63.7,117.3,4.0,good,12,9.6,1,0
26.2,74.4,133.0,3.6,poor,1,23.3,1,2
34.8,54.1,261.5,11.0,good,10,12.4,0,0
36.0,73.0,51.0,9.3,good,2,22.2,0,0
25.1,65.3,236.5,17.1,good,6,7.0,0,3
22.7,91.1,311.7,1.7,poor,8,11.9,0,1
33.6,52.8,54.2,23.3,medium,3,1.2,1,3
23.5,70.9,74.8,0.3,medium,11,23.0,0,0
34.5,72.9,274.6,14.4,medium,9,19.2,0,3
26.5,86.3,56.9,13.5,medium,12,24.7,1,2
31.4,78.7,314.8,3.2,medium,9,14.2,1,2
19.9,83.4,97.3,3.6,good,2,24.2,0,0
30.5,88.9,360.5,19.0,poor,8,19.8,0,1
27.0,93.1,299.1,21.3,good,10,1.1,1,2
29.7,65.7,56.0,6.8,good,11,8.4,0,0
21.4,76.9,93.3,10.5,medium,12,15.3,0,0
32.7,92.0,309.4,8.5,medium,5,18.9,0,0
35.3,99.5,106.0,1.7,medium,4,2.9,1,0
22.3,94.5,221.2,16.2,good,10,21.4,0,3
19.9,68.6,215.2,19.8,good,5,16.8,0,3
18.5,59.8,51.5,7.3,medium,4,16.2,0,0
30.8,74.5,340.2,23.8,medium,8,9.5,1,3
30.1,87.1,95.6,1.8,good,4,18.2,0,2
28.9,74.6,218.9,15.9,medium,10,1.8,1,3
22.6,74.2,83.2,10.8,good,12,2.9,0,0
25.8,91.9,253.8,10.7,good,6,22.3,1,2
29.9,68.1,55.7,11.0,good,2,10.3,1,2
27.9,93.0,261.8,6.2,poor,5,11.1,1,1
37.8,70.3,269.5,17.2,medium,6,7.0,1,3
20.7,66.4,356.6,17.3,good,5,13.9,0,3
31.9,72.7,63.6,6.8,medium,12,2.5,0,2
26.1,88.1,37.3,20.0,poor,2,9.7,1,2
26.6,56.3,207.6,7.6,medium,7,16.3,1,0
32.4,59.8,57.7,17.4,poor,4,14.5,0,3
31.8,97.6,238.7,2.9,good,8,30.0,0,2
37.8,58.8,207.7,4.0,poor,7,12.3,0,0
20.6,78.4,301.1,7.6,medium,7,12.2,0,0
20.1,79.0,204.2,14.3,good,9,15.6,0,3
32.5,74.5,80.5,15.5,medium,1,6.5,1,3
29.6,82.2,360.0,9.5,poor,10,26.4,0,2
23.5,61.5,287.7,1.9,medium,6,17.6,0,0
19.6,77.6,282.5,9.0,medium,6,6.6,0,0
19.7,68.6,352.9,16.5,good,6,24.0,0,3
35.9,83.1,111.1,16.1,medium,12,2.0,0,3
21.8,57.1,288.3,3.8,good,6,29.5,0,0
24.5,78.5,72.2,0.2,good,12,26.1,0,2
22.5,59.3,258.9,18.1,medium,10,17.8,0,3
25.1,63.9,256.4,2.6,poor,7,4.2,0,2
19.4,60.9,239.9,2.0,medium,10,7.2,0,0
28.4,59.1,270.6,0.1,good,6,9.1,0,2
19.4,91.3,88.8,10.4,medium,1,8.0,0,0
34.0,64.3,48.9,12.1,poor,3,15.4,1,3
22.7,96.4,120.8,15.3,medium,2,28.4,0,3
28.8,98.5,280.5,7.1,medium,6,13.9,0,2
35.6,78.6,246.9,17.1,poor,8,20.2,0,3
31.0,57.2,85.5,4.1,medium,3,21.0,1,0
28.7,68.7,306.5,20.0,good,10,26.3,0,3
24.5,89.9,186.7,13.7,good,8,2.0,0,2
24.7,68.4,254.7,14.0,poor,8,12.7,0,3
31.4,54.4,200.7,5.0,medium,5,23.8,0,0
37.9,77.8,392.9,1.8,good,8,24.6,0,0
31.2,92.3,266.9,11.2,medium,6,27.9,0,2
29.2,89.8,201.1,14.8,medium,5,21.4,1,2
32.6,58.8,440.0,2.3,poor,9,8.1,0,0
27.3,83.6,233.2,22.8,good,7,15.7,0,2
19.2,61.0,249.5,23.5,medium,8,1.9,0,3
29.2,60.9,76.6,13.1,poor,1,19.8,1,3
37.2,93.7,58.8,22.8,good,11,17.1,0,3
21.5,62.5,86.2,4.3,good,2,20.3,0,0
31.8,63.2,149.5,0.6,poor,8,28.0,0,2
22.0,50.0,107.1,0.9,medium,12,20.9,0,0
28.7,93.5,203.6,14.1,medium,9,10.3,1,2
19.9,89.6,69.6,1.5,medium,4,6.8,1,0
27.0,81.4,98.8,23.0,good,12,25.8,0,2
33.1,87.5,249.8,3.4,poor,10,6.6,0,1
25.0,57.6,75.9,7.3,good,11,5.7,0,0
31.3,72.9,209.4,19.7,good,10,7.0,0,3
33.9,67.6,364.8,5.2,good,9,15.8,0,0
36.5,54.7,93.3,5.8,good,4,4.6,0,0
22.7,74.3,205.9,15.4,poor,10,28.2,0,3
26.0,96.0,268.9,6.6,medium,10,29.0,1,2
21.0,52.0,202.3,5.2,poor,10,29.2,0,0
37.8,64.6,346.1,6.1,medium,9,2.1,1,0
36.5,60.4,85.0,11.8,medium,11,28.4,1,0
28.8,61.9,211.2,23.2,medium,7,29.9,0,3
34.8,95.4,97.4,20.0,poor,2,28.3,0,3
28.4,73.4,246.1,6.8,medium,9,20.5,1,2
30.5,73.3,47.8,8.7,good,4,21.3,1,2
19.8,88.0,279.1,11.1,good,8,4.5,0,0
33.1,57.7,277.6,23.5,good,7,26.4,0,3
20.6,74.4,316.9,4.1,medium,7,2.7,0,0
34.5,71.5,263.2,8.6,poor,8,10.2,1,0
33.6,79.8,82.7,17.5,good,1,29.7,1,3
32.2,100.0,268.0,23.1,good,5,13.2,1,3
18.7,88.5,119.9,3.7,good,2,4.8,1,0
24.1,69.9,72.2,5.5,medium,2,29.1,0,2
23.3,91.4,91.7,5.4,good,1,29.5,0,0
25.2,58.5,290.8,0.5,good,5,6.4,0,0
19.8,51.5,88.7,14.5,good,2,26.1,0,3
36.7,60.2,71.3,16.1,medium,4,12.3,0,3
29.1,67.0,83.0,14.5,medium,3,12.1,1,3
24.1,75.5,77.7,1.7,medium,3,8.6,1,2
25.9,80.8,129.0,1.7,good,2,2.3,0,2
26.9,95.5,237.1,5.0,medium,6,8.8,0,2
30.0,75.5,57.2,7.0,good,2,2.6,0,2
28.3,75.1,259.7,18.9,good,8,27.8,0,3
36.4,52.5,256.2,3.8,medium,8,20.2,0,0
27.9,51.7,84.9,1.1,good,12,26.7,0,0
37.8,77.6,237.1,9.5,medium,5,21.8,1,0
35.0,71.9,265.5,10.0,good,10,4.8,0,0
22.2,92.0,266.5,10.8,good,7,28.3,1,0
36.6,58.0,102.6,19.8,poor,4,27.1,0,3
20.3,51.2,82.3,2.4,medium,1,11.1,0,0
34.3,72.5,82.6,16.9,medium,11,4.2,0,3
25.6,61.9,92.9,8.1,poor,2,21.4,1,0
35.6,52.5,303.4,7.4,medium,10,22.1,1,0
35.4,86.2,210.8,22.4,medium,10,27.0,0,3
34.1,55.6,48.7,6.0,medium,4,2.5,1,0
33.8,80.4,122.4,15.4,good,1,5.1,0,3
24.1,64.1,295.2,6.6,good,8,18.3,0,2
19.6,58.7,249.0,12.2,medium,9,19.0,0,3
26.1,69.0,80.5,18.9,good,4,2.0,1,3
21.5,90.1,240.4,21.2,good,10,12.5,0,3
31.9,69.6,85.3,20.1,good,3,17.9,0,3
24.9,87.5,55.7,14.0,good,2,22.4,0,2
37.5,56.3,302.0,6.0,good,5,10.2,0,0
30.8,88.6,84.4,15.9,good,3,15.0,1,2
34.4,61.8,270.6,17.0,good,10,24.6,0,3
20.7,83.9,215.3,0.3,good,7,28.7,0,0
35.2,78.3,93.1,10.5,medium,11,7.7,0,0
36.5,96.5,216.5,20.2,good,6,8.3,1,3
27.7,69.4,62.7,11.8,poor,1,28.3,0,2
30.1,53.3,82.2,7.5,poor,12,12.5,0,0
33.3,51.0,385.4,20.9,medium,8,21.8,0,3
21.5,91.3,84.3,3.7,medium,2,18.8,1,0
28.1,76.2,131.6,5.0,good,5,9.3,0,2
26.0,88.8,227.9,16.5,good,9,20.0,0,2
20.9,61.7,294.2,8.5,poor,8,20.0,1,0
25.4,67.3,51.8,17.1,good,2,18.2,0,3
19.4,51.5,301.6,3.8,poor,9,3.9,0,0
18.5,98.1,267.9,6.1,medium,5,29.9,0,0
20.7,83.4,309.6,3.8,good,10,12.6,0,0
37.3,96.7,232.1,22.9,medium,6,19.5,0,3
29.0,63.3,64.1,9.7,medium,3,26.7,1,0
37.3,80.6,94.1,8.1,good,3,13.3,0,0
26.6,83.9,259.6,0.3,good,10,23.4,0,2
24.2,65.9,256.6,3.7,medium,8,29.2,1,2
28.1,92.4,119.2,10.1,medium,11,11.4,1,2
26.8,97.4,290.2,1.6,good,10,12.8,0,2
20.1,94.2,160.5,12.3,good,10,27.3,0,3
30.8,87.0,100.0,10.9,poor,12,5.6,0,2
22.3,63.9,97.5,18.4,medium,2,1.8,0,3
30.4,64.1,109.6,15.8,medium,11,27.4,0,3
31.0,98.2,56.5,10.7,poor,12,24.8,0,2
21.0,50.5,88.1,5.4,good,12,29.2,0,0
19.2,85.8,82.8,17.4,medium,2,2.7,0,3
33.6,85.3,212.1,17.0,poor,5,5.5,0,1
27.2,81.1,307.3,3.7,medium,6,4.1,0,2
19.2,99.5,74.0,22.0,good,12,20.8,0,3
37.9,65.6,108.8,1.5,good,2,18.6,0,0
19.2,67.0,222.9,1.3,medium,5,11.4,0,0
31.9,53.9,187.0,4.5,good,7,2.7,0,0
37.7,72.1,247.9,21.8,poor,10,19.6,0,3
22.8,63.1,271.6,12.5,good,10,17.5,1,3
20.8,67.2,233.3,18.9,good,8,4.3,0,3
20.4,91.7,20.0,5.5,good,12,27.4,0,0
24.1,96.8,279.2,11.8,medium,7,6.8,0,2
20.0,59.3,278.9,8.6,poor,8,22.6,0,0
31.8,68.6,97.2,19.9,medium,12,26.7,0,3
19.2,96.4,241.0,0.5,poor,9,17.8,0,1
28.2,53.1,238.2,5.9,good,5,8.2,0,0
37.9,54.6,332.0,3.7,good,5,10.0,0,0
34.3,58.1,40.6,20.6,poor,11,26.7,1,3
30.3,79.8,247.6,11.2,poor,10,9.6,0,2
24.1,57.5,83.6,9.7,poor,4,22.6,0,0
30.5,98.4,290.3,10.8,medium,9,29.7,0,2
28.5,72.3,268.5,23.3,good,5,30.0,1,3
26.5,75.1,57.0,20.4,good,2,16.5,1,3
20.6,62.3,318.4,17.0,poor,10,25.0,0,3
35.7,73.5,260.1,7.0,good,8,29.7,0,0
27.0,83.1,176.6,4.0,good,7,11.9,0,2
21.9,87.6,270.5,22.1,medium,8,8.3,0,3
25.4,87.7,91.9,10.2,good,12,4.3,0,2
26.3,78.9,129.0,6.7,poor,3,5.1,0,2
34.6,95.2,90.2,11.3,good,4,25.8,1,0
32.7,90.9,185.9,22.0,medium,5,18.1,0,3
33.4,87.9,187.7,9.3,medium,6,26.3,1,0
18.2,52.8,111.5,13.5,medium,1,23.9,0,3
26.3,50.3,59.9,19.3,medium,4,20.5,0,3
27.6,60.6,41.3,10.3,good,11,18.7,0,0
18.4,83.2,105.0,5.6,medium,12,2.4,0,0
23.2,70.6,236.2,23.9,medium,10,26.3,0,3
33.2,70.1,307.4,23.0,medium,5,13.1,0,3
20.7,94.2,214.3,20.2,good,7,17.2,1,3
28.7,94.8,333.7,16.5,good,5,1.6,0,2
22.3,95.5,101.8,7.1,good,1,28.1,0,0
18.2,65.7,61.9,21.9,medium,11,27.2,0,3
22.8,84.6,177.0,6.6,good,7,16.8,1,0
37.5,63.6,375.3,19.2,poor,8,17.7,0,3
34.0,59.5,249.5,22.0,medium,7,21.4,0,3
37.2,59.2,60.9,14.5,medium,11,8.7,0,3
27.8,67.1,114.7,19.3,poor,4,7.4,0,3
20.2,71.5,307.3,19.0,good,8,20.5,1,3
29.0,91.5,319.1,4.6,poor,5,4.0,0,1
27.1,56.0,255.1,16.0,medium,10,14.2,0,3
34.9,86.7,354.1,2.2,poor,9,15.3,0,1
20.0,76.6,47.2,12.2,poor,12,12.1,0,3
27.8,64.4,66.2,3.9,good,12,6.4,0,0
21.0,74.6,279.5,10.0,good,10,11.3,0,0
24.5,65.0,318.4,20.0,medium,5,10.8,0,3
32.7,79.8,96.5,23.7,medium,1,15.5,0,3
27.5,71.7,77.9,7.6,good,12,20.6,0,0
25.5,58.2,236.2,12.8,good,9,29.1,0,3
25.9,55.8,109.3,12.3,good,12,5.2,0,3
27.2,77.3,298.2,22.9,medium,5,26.3,1,3
33.7,95.1,216.3,11.5,poor,6,9.2,1,1
35.8,67.2,57.4,16.8,medium,4,18.1,0,3
37.1,86.7,232.7,22.1,medium,6,16.9,0,3
33.7,82.9,63.2,9.0,good,12,17.2,0,0
24.3,96.6,311.5,21.7,good,8,22.0,1,2
31.8,91.0,90.9,22.0,medium,3,12.1,1,2
26.8,78.3,287.9,22.3,poor,5,10.3,0,3
23.1,82.9,84.8,6.5,good,2,25.7,0,0
34.8,94.9,86.0,9.6,medium,2,7.4,0,0
18.8,70.0,180.9,20.9,poor,7,6.2,0,3
36.0,66.3,299.7,8.6,poor,10,1.5,0,0
27.2,50.5,231.8,14.4,good,10,7.1,0,3
30.7,91.3,79.2,2.8,good,11,16.0,1,2
31.2,90.0,236.3,1.4,good,10,16.6,0,2
35.9,55.2,267.3,9.9,medium,6,8.4,0,0
30.7,78.8,94.3,13.9,poor,4,3.1,0,3
30.3,73.2,209.6,9.4,good,5,22.6,0,2
19.3,55.9,86.3,13.9,good,1,23.0,1,3
28.4,99.0,237.5,12.4,poor,7,29.9,0,1
21.0,60.7,326.1,16.5,medium,8,27.1,0,3
32.7,53.4,204.3,15.6,poor,9,27.9,0,3
28.2,79.7,209.9,10.2,good,8,24.1,0,2
31.6,86.9,242.0,10.2,medium,5,18.8,0,2
18.8,51.6,56.9,3.4,good,3,4.7,1,0
19.7,82.9,248.8,12.3,good,10,19.0,0,3
32.3,76.6,66.8,14.1,medium,11,2.6,0,3
19.4,55.2,264.4,11.4,good,9,26.7,1,0
19.4,58.6,310.4,7.8,good,6,15.0,0,0
18.2,78.4,263.6,17.3,poor,5,21.2,0,3
37.1,64.8,84.1,1.8,good,3,2.5,0,0
32.8,96.9,207.1,21.9,medium,6,16.5,0,3
25.1,90.9,76.6,0.5,good,3,9.7,1,2
23.9,99.2,238.9,23.1,poor,10,9.3,0,1
25.0,63.0,97.0,11.1,good,12,12.3,0,2
33.5,98.5,221.8,9.9,medium,6,1.0,0,0
31.2,71.6,58.5,6.2,good,4,14.5,0,2
21.7,67.4,87.9,0.2,medium,2,15.1,0,0
21.5,52.5,359.0,6.6,medium,8,26.0,0,0
20.0,52.6,75.6,2.6,good,4,14.0,1,0
31.2,84.6,268.4,15.8,good,9,11.5,0,2
33.3,72.9,307.4,7.7,poor,7,29.8,0,0
23.3,61.3,92.7,18.4,poor,12,17.6,0,3
18.4,80.7,92.9,5.0,good,2,14.7,0,0
19.6,62.6,77.6,21.6,good,4,15.4,0,3
37.4,78.9,256.2,12.6,good,5,24.5,0,3
23.9,68.0,61.1,2.7,good,3,10.9,0,0
33.4,91.2,284.3,9.6,poor,9,12.3,0,1
30.5,91.0,283.2,5.0,medium,5,22.9,0,2
25.6,73.9,97.9,4.8,medium,2,3.1,0,0
22.1,67.5,67.8,12.2,poor,11,26.1,0,3
20.4,68.1,100.8,16.1,medium,3,13.5,1,3
30.3,90.3,316.7,21.9,medium,9,17.9,0,2
33.5,66.4,199.3,12.1,good,7,23.0,1,3
30.9,60.5,72.6,23.2,good,2,8.7,0,3
28.6,54.2,318.8,22.6,medium,9,26.8,1,3
18.8,73.3,63.8,20.8,good,4,29.4,0,3
37.4,74.1,286.4,12.0,good,9,15.3,0,0
34.0,92.0,80.2,3.4,good,2,28.2,1,0
23.9,61.1,88.3,5.2,good,12,1.0,0,0
37.6,69.0,262.0,15.5,medium,10,26.9,0,3
30.0,90.4,98.7,10.1,medium,12,10.0,1,2
29.6,91.2,54.5,3.5,good,4,10.0,0,2
33.0,69.2,214.3,11.5,good,5,7.6,0,0
34.2,73.0,116.6,0.4,medium,2,10.2,0,0
31.1,65.2,365.0,17.6,good,10,7.2,0,3
20.6,96.6,79.9,1.8,medium,1,27.3,0,0
24.8,55.9,345.8,15.1,medium,7,27.1,1,3
36.6,96.7,221.4,19.0,good,10,4.0,0,3
22.5,84.2,66.7,3.2,medium,1,5.1,0,0
25.4,76.6,116.4,12.4,medium,11,26.0,0,3
26.6,51.6,100.1,18.7,good,11,12.6,1,3
26.8,73.8,340.3,6.3,good,8,5.9,0,2
30.3,70.4,91.7,3.9,poor,3,15.8,1,0
36.9,58.1,209.4,8.1,good,10,13.1,0,0
22.8,82.8,271.2,13.3,poor,6,7.4,1,3
20.4,98.6,320.1,13.8,medium,7,21.9,0,3
21.9,78.1,253.4,3.1,good,10,19.3,0,0
35.7,85.7,72.8,11.0,good,1,3.9,0,0
30.9,53.4,284.2,6.4,medium,6,27.8,0,0
23.7,70.9,232.0,20.2,medium,7,17.2,0,3
34.3,55.8,274.8,7.5,medium,6,8.3,0,0
35.2,80.6,81.6,20.1,poor,4,7.0,0,3
34.9,96.9,67.7,10.3,poor,1,4.9,0,1
36.4,83.1,104.5,17.4,good,11,13.3,0,3
23.0,53.8,292.3,12.2,poor,9,4.9,0,3
33.1,67.7,71.2,14.9,poor,4,13.1,1,3
27.2,77.5,259.3,9.5,poor,7,5.3,1,2
34.8,70.2,246.4,18.4,medium,7,20.0,0,3
32.6,91.7,64.0,10.2,medium,2,23.8,0,0
33.5,90.7,37.5,11.0,medium,1,16.9,0,0
31.1,80.6,235.8,12.4,good,8,20.7,0,2
21.5,68.7,228.8,20.0,poor,8,28.2,0,3
28.9,62.8,265.7,15.8,good,7,19.5,0,3
37.7,55.3,282.0,8.4,good,8,11.6,0,0
36.7,67.7,59.9,16.1,poor,3,14.0,1,3
18.9,70.7,89.3,15.4,good,11,26.0,0,3
21.3,83.8,56.1,22.3,poor,2,4.8,0,3
20.6,82.9,253.7,20.2,medium,7,10.4,0,3
32.5,53.5,229.9,15.5,good,8,17.7,0,3
34.4,69.8,98.7,8.2,medium,1,20.6,0,0
22.3,59.1,82.9,18.7,medium,12,23.1,0,3
28.1,57.8,254.5,13.8,medium,10,10.2,1,3
34.8,91.4,228.7,23.6,poor,9,5.2,0,1
32.7,52.1,71.8,5.9,poor,11,28.7,1,0
28.8,71.0,125.7,1.9,good,4,3.2,0,2
29.8,58.4,67.5,1.7,good,12,3.8,0,0
28.2,94.0,92.0,15.4,poor,4,15.4,1,2
24.0,77.9,77.2,22.5,medium,3,24.8,0,3
29.3,61.6,282.5,0.0,good,6,23.5,0,0
31.8,75.1,100.9,17.4,poor,1,28.2,1,3
35.5,86.6,242.3,15.8,poor,6,5.1,0,1
30.7,97.9,97.7,17.6,medium,2,11.9,0,2
33.2,61.0,397.8,8.5,medium,9,9.2,1,0
21.2,94.3,94.2,19.7,medium,2,26.0,0,3
27.2,96.7,340.7,1.1,medium,7,15.2,0,2
18.2,95.8,92.0,18.1,poor,12,1.8,0,3
22.9,81.8,56.7,6.4,poor,1,21.5,0,0
32.5,81.5,86.9,11.4,medium,12,12.3,0,0
37.8,70.2,243.5,19.7,medium,7,16.4,1,3
20.0,87.6,230.2,6.5,poor,5,26.9,0,1
26.0,76.6,256.4,4.4,good,8,8.4,0,2
34.0,83.9,76.1,16.4,good,4,8.0,1,3
22.1,71.4,53.5,12.8,poor,12,8.6,0,3
29.1,86.6,395.4,12.3,good,10,10.8,0,2
32.7,91.2,300.4,6.2,good,7,4.1,0,0
30.3,57.3,272.2,0.8,good,6,21.2,0,0
21.8,91.6,264.5,9.8,good,5,7.0,1,0
25.1,77.0,110.1,2.6,good,4,27.9,0,2
33.7,92.2,363.8,21.7,good,7,7.3,0,3
29.1,71.6,97.1,1.0,poor,12,8.4,0,2
18.1,69.0,266.1,10.4,medium,5,9.6,0,0
33.2,95.8,333.6,1.3,medium,5,23.3,0,0
18.7,62.6,83.6,2.3,good,1,13.4,0,0
32.9,92.2,90.9,15.8,medium,2,24.8,0,3
22.0,74.2,310.1,15.5,medium,5,23.8,1,3
37.2,75.7,70.3,0.8,medium,3,28.0,0,0
25.4,65.4,28.1,0.0,good,2,22.9,0,0
24.5,78.7,69.1,1.9,medium,4,2.5,1,0
21.0,66.3,99.3,18.3,poor,4,25.3,0,3
24.1,52.0,97.6,14.0,medium,4,28.2,0,3
35.5,63.6,113.6,0.9,medium,4,29.8,1,0
37.9,50.3,70.1,11.7,medium,3,4.6,0,0
25.4,98.9,119.5,17.1,medium,12,18.8,0,2
27.0,98.3,269.3,20.9,medium,7,6.8,0,2
32.4,69.8,290.2,22.4,good,9,8.6,1,3
35.7,86.4,102.6,7.9,medium,12,22.6,0,0
29.9,67.3,190.9,3.3,poor,5,29.4,0,0
25.8,83.6,54.9,5.7,medium,4,18.3,0,2
26.3,90.3,54.0,18.6,good,11,25.7,0,2
31.9,97.3,106.8,23.3,good,2,1.3,1,2
18.1,70.0,72.4,11.2,medium,2,2.1,0,0
30.4,89.2,361.4,7.3,poor,5,18.3,0,1
25.1,63.3,260.2,10.3,medium,7,12.3,0,0
33.9,99.5,186.4,7.3,medium,10,26.8,0,0
19.9,51.3,226.4,6.2,good,10,9.8,1,0
29.8,80.2,265.9,14.3,medium,9,13.5,0,2
27.6,83.0,285.8,0.4,medium,7,16.3,0,2
30.8,84.4,210.8,6.2,poor,5,8.9,0,2
19.3,56.0,288.4,15.9,good,10,27.3,0,3
29.6,96.9,301.8,0.8,medium,10,14.5,0,2
29.2,59.1,228.0,2.0,medium,10,13.3,0,0
29.2,81.1,358.5,7.0,medium,6,25.6,1,2
30.1,61.1,66.7,21.1,poor,11,10.0,0,3
31.5,65.4,55.0,18.4,good,12,24.7,0,3
34.1,77.3,41.8,0.5,good,3,4.5,0,0
23.4,70.9,321.0,12.0,medium,5,6.3,1,0
34.5,58.0,261.1,6.6,medium,8,28.6,0,0
28.0,58.5,68.0,15.6,good,1,25.4,0,3
19.5,70.9,43.1,17.3,medium,12,12.2,0,3
19.2,87.9,70.3,20.7,medium,1,19.5,0,3
24.7,94.9,379.1,11.4,poor,7,28.3,1,1
33.7,54.2,152.8,23.9,good,5,7.1,0,3
32.2,69.7,228.4,23.5,poor,5,2.7,1,3
33.8,55.0,124.8,21.2,good,1,16.6,1,3
28.3,50.8,322.4,13.8,good,9,5.1,0,3
26.8,83.1,65.7,9.6,good,1,6.4,1,2
20.9,80.1,270.2,8.7,poor,5,26.9,0,0
24.6,58.2,283.1,0.3,good,10,1.2,0,0
26.7,61.7,266.7,6.0,medium,9,24.7,1,0
19.8,51.2,124.6,17.3,medium,4,16.0,0,3
22.4,91.7,277.0,14.5,poor,8,17.2,0,1
30.0,98.7,316.8,22.0,poor,6,20.5,0,1
32.7,56.8,84.5,1.2,medium,11,13.5,1,0
38.0,61.6,29.2,3.7,poor,3,4.4,0,0
36.7,93.4,50.2,18.9,medium,4,4.0,0,3
30.9,96.3,55.4,8.6,poor,2,22.9,0,2
26.4,71.0,73.8,2.8,good,1,7.4,1,0
30.7,52.5,363.9,23.9,good,8,1.8,0,3
33.7,52.0,89.1,18.9,medium,1,29.4,0,3
20.4,78.7,77.4,9.8,medium,11,29.4,0,0
26.2,69.6,111.0,19.8,medium,1,12.0,0,3
34.8,51.4,43.7,16.3,medium,4,1.7,0,3
25.7,79.2,235.5,19.0,good,10,22.1,0,3
29.4,50.6,64.1,19.6,medium,12,25.1,0,3
29.8,89.4,279.9,2.0,good,10,4.6,0,2
21.7,65.3,304.8,15.0,poor,6,4.9,0,3
25.2,52.0,283.6,0.2,poor,9,24.8,0,0
24.7,79.4,92.2,1.0,poor,1,27.7,0,2
18.5,69.9,241.9,21.7,good,7,23.9,0,3
18.5,98.7,276.0,12.7,medium,10,6.8,0,3
34.6,77.2,59.0,17.7,poor,11,12.9,0,3
23.5,63.8,293.7,20.1,poor,5,18.4,0,3
28.4,85.5,67.5,22.8,medium,12,5.6,0,2
24.0,63.6,203.9,20.9,medium,8,7.1,0,3
36.8,95.2,261.9,11.6,medium,7,9.2,0,0
23.2,68.7,32.2,8.1,medium,4,15.8,1,0
26.6,77.5,116.9,3.7,good,4,15.8,0,2
35.5,52.5,299.9,9.6,medium,6,24.6,1,0
34.8,71.3,276.8,8.8,poor,6,22.8,0,0
21.7,91.6,178.8,13.4,medium,9,27.5,0,3
34.1,90.3,62.5,16.0,medium,12,25.2,1,3
27.2,61.2,262.0,23.5,medium,5,8.4,0,3
27.7,61.3,246.8,17.5,poor,8,10.6,0,3
20.7,90.9,175.6,15.4,medium,5,15.5,1,3
19.6,96.5,47.1,8.0,medium,2,1.4,0,0
32.6,54.8,245.8,0.8,medium,6,27.2,0,0
27.9,72.5,195.8,6.9,medium,9,2.3,0,0
26.7,66.9,114.3,18.4,medium,3,10.4,1,3
32.6,93.5,92.4,4.9,medium,1,17.5,1,0
33.3,54.2,59.9,17.1,medium,1,16.0,0,3
21.2,60.6,109.2,13.9,medium,3,20.0,0,3
30.2,87.6,308.4,4.1,good,10,16.3,1,2
20.7,52.6,274.4,6.3,good,5,7.6,0,0
33.0,74.6,79.0,11.9,good,3,6.8,0,0
31.1,72.1,245.1,10.0,poor,9,27.3,0,2
37.1,66.7,233.0,18.7,good,8,8.7,0,3
19.4,69.7,46.6,17.6,good,3,9.1,0,3
19.1,76.5,336.4,13.8,good,9,13.0,1,3
23.6,58.1,234.0,19.7,medium,6,5.0,1,3
